{"type": "FeatureCollection", "features": [{"type": "Feature", "properties": {"division": "DMR East Division"}, "geometry": {"type": "Polygon", "coordinates": [[[-6.195828609177679, 53.31045578780994], [-6.190508045614871, 53.30779292164939], [-6.190138292144508, 53.30809952978208], [-6.190477099164667, 53.30777555500476], [-6.1792557307210245, 53.30324415016575], [-6.1788163565333765, 53.303458618836515], [-6.178371253142665, 53.30330766183284], [-6.178203397449288, 53.302809354170435], [-6.171390119278447, 53.30095278233585], [-6.171764560373715, 53.301282340342865], [-6.1712549530304965, 53.30098288391399], [-6.169781125548992, 53.301035762603036], [-6.169534391590089, 53.3005674163148], [-6.164104900454485, 53.29892039600786], [-6.1630462189212185, 53.298919007767616], [-6.160573773602267, 53.29816180527893], [-6.160102260149921, 53.29842639814624], [-6.159102102468574, 53.29711964905171], [-6.155898329123008, 53.296013666172314], [-6.15293138388106, 53.295581366834156], [-6.150697030721698, 53.29567003508816], [-6.1508228479103195, 53.29645461063023], [-6.1505914286643355, 53.2962184267416], [-6.14964219008191, 53.297106662894564], [-6.148203815828323, 53.29743762463789], [-6.147977010063727, 53.29775540227472], [-6.14751528690949, 53.29768639503862], [-6.147704110890555, 53.29745727391807], [-6.147030166292354, 53.29714059908624], [-6.1452997813407135, 53.2980995221962], [-6.139652394914868, 53.30278717885449], [-6.135115507397351, 53.30416615237188], [-6.131578175981192, 53.303828835289515], [-6.130632425809366, 53.3033612233641], [-6.130724408745223, 53.303077044739304], [-6.131838500930533, 53.30351781482909], [-6.1350882635166055, 53.303891250608594], [-6.139245354271907, 53.30258660896524], [-6.144965682317124, 53.29785211349993], [-6.146549064602075, 53.29702500236252], [-6.146810345170136, 53.2963370326464], [-6.146369967589212, 53.29594130131668], [-6.143212575241452, 53.29628779299052], [-6.143641619153482, 53.29653066436145], [-6.143326495014633, 53.29678171884348], [-6.1442936136861315, 53.297247135948304], [-6.144118844232362, 53.297377159973315], [-6.143152565821618, 53.296906631400795], [-6.141833108307514, 53.297253209541026], [-6.141181588671763, 53.29787675601517], [-6.1425913328746775, 53.29870292264512], [-6.1423601744733975, 53.29884338938235], [-6.14083463457648, 53.29796283840559], [-6.1403126790266676, 53.29728144890599], [-6.1399834021849875, 53.2975472830367], [-6.139445541973852, 53.297303240377], [-6.13965830575651, 53.29713058684062], [-6.139242086321333, 53.29722196406813], [-6.138323283723431, 53.296864389887254], [-6.138648589528514, 53.29680089488763], [-6.1380706171464885, 53.29649816013776], [-6.136579981428339, 53.29651612319252], [-6.135387527365703, 53.29614759760121], [-6.135128970091039, 53.29637713656949], [-6.134815740625504, 53.29630258353702], [-6.1336976929993785, 53.2970425474151], [-6.1342457451149235, 53.297891900868265], [-6.13508210043152, 53.29848872042751], [-6.138046753648628, 53.299605551179], [-6.1379924898087825, 53.29968963520288], [-6.134969021612265, 53.298499892859844], [-6.133057419180363, 53.297062540742495], [-6.132043551158507, 53.29673560400793], [-6.133169447001181, 53.2957339740781], [-6.131591115076965, 53.294975603186195], [-6.131570965957641, 53.29465218924727], [-6.132110387147287, 53.29448170266436], [-6.131111961963447, 53.294085975474054], [-6.130797575078865, 53.29343233291201], [-6.130382543709103, 53.293610157149224], [-6.129809751819226, 53.293366689638646], [-6.129952371656819, 53.29312653581447], [-6.124704746396892, 53.297909280528685], [-6.124226734499611, 53.30023903549553], [-6.126215192154235, 53.30217258696849], [-6.127332613442013, 53.302385889648846], [-6.127063613797525, 53.30259206066962], [-6.126029673932635, 53.30249825181796], [-6.123732921601232, 53.30034333848533], [-6.1241178405970444, 53.29773881154598], [-6.1294046472334855, 53.292657874765275], [-6.129089635291695, 53.29230799326323], [-6.128760149120138, 53.29235719608951], [-6.128699284428364, 53.2920374557584], [-6.128329370939837, 53.29209177499656], [-6.128383703365681, 53.292323155360044], [-6.128282212226905, 53.292069734016714], [-6.128685360552291, 53.29202204831017], [-6.128294945856298, 53.29150983609171], [-6.127894455463645, 53.291375206631976], [-6.127108093322635, 53.2915551862766], [-6.127499246377213, 53.29139703992625], [-6.127110153877497, 53.291038799250806], [-6.12688809715649, 53.29108132632637], [-6.126708146007642, 53.29106906200784], [-6.1271023709820565, 53.29102726329358], [-6.127090645739347, 53.290738311412], [-6.126481433859286, 53.29071489846913], [-6.123639532261201, 53.28896033550314], [-6.120136973929246, 53.287802570109115], [-6.119015599793372, 53.28784626557234], [-6.117522657588565, 53.28751820315594], [-6.114977642311131, 53.28780405115839], [-6.114955698354501, 53.28851299591735], [-6.114512269195584, 53.288312931292836], [-6.114283797220839, 53.28880713423934], [-6.114846616013817, 53.288742878159624], [-6.114992646471972, 53.2890672083519], [-6.113571724555686, 53.28968131422825], [-6.113906522624357, 53.28919149179499], [-6.113155150127612, 53.28862776930203], [-6.110432671800611, 53.28761022294362], [-6.110808657675396, 53.28742636729937], [-6.110802884290992, 53.286649127480175], [-6.107366573057404, 53.28467632794349], [-6.10714122978195, 53.284706722309494], [-6.107352913170085, 53.28557000699651], [-6.108173186255993, 53.285500972588665], [-6.107443956587968, 53.285788050918455], [-6.106323020213545, 53.28585625929145], [-6.1050131063061395, 53.285323065674014], [-6.104528928579786, 53.28451700832151], [-6.103069847456612, 53.28432582155308], [-6.102396832371782, 53.28386896984829], [-6.102513207517547, 53.283428367240326], [-6.101678300840111, 53.28317816294853], [-6.101512862006274, 53.28271959218381], [-6.100667520864642, 53.282431827046665], [-6.100656697154539, 53.28177251052862], [-6.100259452077547, 53.282003540284094], [-6.100302694812827, 53.28109307614035], [-6.09872014370548, 53.27977508011195], [-6.098135258241008, 53.278606360156914], [-6.095415909206867, 53.276923255312624], [-6.095279491680914, 53.27654270111804], [-6.0949383647432835, 53.27675250044649], [-6.095107642642443, 53.27659450917644], [-6.094589841822815, 53.2760529128739], [-6.093167694179869, 53.275053585269795], [-6.093506601688111, 53.27523237549252], [-6.093852675509683, 53.27497241936201], [-6.093050186432777, 53.27492650874567], [-6.09330521293951, 53.274714528672014], [-6.092461036744847, 53.27325043372881], [-6.091379088419909, 53.272203590787974], [-6.09129337473348, 53.270339551989764], [-6.092144656655779, 53.27021522287357], [-6.092059460124246, 53.270073743865936], [-6.093716925110396, 53.270529600527645], [-6.093815984564873, 53.270362488151704], [-6.094672167806362, 53.27057812909055], [-6.0953914373201465, 53.27042488380528], [-6.096708547151009, 53.26990128064536], [-6.098104676752118, 53.268808575169196], [-6.098892549804291, 53.26900583898542], [-6.099975014848982, 53.26867474497726], [-6.101358653603379, 53.267933574536684], [-6.103209872724088, 53.26750441881173], [-6.10364308658566, 53.266859627278315], [-6.104563001319443, 53.26678843021505], [-6.104487480625319, 53.2665001676477], [-6.104707268173863, 53.266704983388216], [-6.105453632323902, 53.26660774253992], [-6.106632875693102, 53.26588869686367], [-6.108157155052478, 53.26388136509091], [-6.108078890614656, 53.26362119171798], [-6.11085382793253, 53.26023422677406], [-6.112044059519003, 53.25720596056014], [-6.112347526287342, 53.25361953281796], [-6.1118885930869755, 53.24920936022667], [-6.112423662491929, 53.248233972426675], [-6.112611307834112, 53.246383176021055], [-6.111826387069088, 53.24059660387187], [-6.110022916354987, 53.23467262455922], [-6.108258827467271, 53.231978376988025], [-6.107837985393302, 53.227969980446986], [-6.104151190848907, 53.21629617478009], [-6.103280659065254, 53.21213373264458], [-6.108385791932826, 53.21164276694309], [-6.108627841323667, 53.21116280932604], [-6.1102289117970034, 53.21048503260706], [-6.109724610568742, 53.210098832929596], [-6.111038133049833, 53.20946429668196], [-6.111598465680738, 53.21005602685162], [-6.112795477012256, 53.210105017537664], [-6.112940569295725, 53.210309806304984], [-6.1159529699727475, 53.20981698068948], [-6.1171633492896635, 53.21068436854091], [-6.119155588909012, 53.21049879462357], [-6.118815537154478, 53.20940008568499], [-6.119406055669964, 53.20805947589954], [-6.123259640911903, 53.207140074473806], [-6.123363245657228, 53.207549203468204], [-6.125078228941638, 53.207596074542124], [-6.131421180989101, 53.2003272077225], [-6.132629953849827, 53.197914129561624], [-6.133140830481067, 53.19794604583669], [-6.132946257998021, 53.198585697376465], [-6.133545904124769, 53.19887020563357], [-6.136942473690379, 53.199134955636325], [-6.137762766991817, 53.19971499001632], [-6.138561454706017, 53.19979434301978], [-6.141298716268056, 53.2015557841147], [-6.14242855277945, 53.201563345547505], [-6.144931660752441, 53.20225575484047], [-6.147274519329961, 53.20341656551858], [-6.148646410889708, 53.20333445189594], [-6.1496828924207785, 53.20300561715486], [-6.150564020600892, 53.20307313751808], [-6.1509086890787374, 53.20343170010084], [-6.152453999275501, 53.20334441573464], [-6.158058032284152, 53.20233356805588], [-6.160202057419982, 53.20262276161068], [-6.161812612363517, 53.20250400891284], [-6.1622050567790945, 53.20296555286737], [-6.163725626367399, 53.203551086403294], [-6.165525500858503, 53.20495409223359], [-6.167416604011995, 53.207308723869055], [-6.168804937296305, 53.2083163653083], [-6.172050290184062, 53.20873596133145], [-6.17349980992421, 53.20945248245544], [-6.174187848601206, 53.2110243395786], [-6.174198927545602, 53.21189602665045], [-6.174829520989336, 53.212299703208714], [-6.17511584928382, 53.21309301158114], [-6.17868622201544, 53.21640580126091], [-6.179763233336197, 53.21821544510643], [-6.1807929943428155, 53.21906755072624], [-6.181569546419612, 53.220402274014745], [-6.182338127081671, 53.22085340139344], [-6.189757609229681, 53.21802631235547], [-6.192248996271472, 53.21770338966918], [-6.194913144552493, 53.21653111261215], [-6.197557872515387, 53.21640291531029], [-6.200463041932043, 53.2170193400816], [-6.202455772075778, 53.217135347634255], [-6.203198759631119, 53.21668253534584], [-6.20442306392454, 53.21688559847217], [-6.20715765097735, 53.21617283035289], [-6.208796897648655, 53.21498778200207], [-6.208936641693456, 53.21442655002694], [-6.208535321030217, 53.21320469389364], [-6.209013270640713, 53.21221427477146], [-6.208320351549108, 53.21111008181534], [-6.210774317517792, 53.210320932182384], [-6.212446247563799, 53.21098800867711], [-6.213809621717374, 53.211133836384555], [-6.214574466015634, 53.211542367725706], [-6.216187962556967, 53.211413396157646], [-6.2173259140732196, 53.211749126878026], [-6.21767620672001, 53.21223699366402], [-6.218306072325697, 53.21234680674184], [-6.219807595900087, 53.21234283398426], [-6.221134388555042, 53.21159422990434], [-6.2229038926816465, 53.21149616746879], [-6.223165680697446, 53.211191354463296], [-6.223848040228763, 53.21116045896404], [-6.224992019249411, 53.210554413690076], [-6.227233406729647, 53.20839863702151], [-6.227533839543896, 53.20657048161434], [-6.227277586127703, 53.20525962595989], [-6.229695938131404, 53.20423651721678], [-6.231122375903783, 53.20421421072699], [-6.239020087277526, 53.20223600485291], [-6.249622684931157, 53.20358833877087], [-6.25933736921339, 53.20511566726213], [-6.268952365612742, 53.209582315311415], [-6.267193622913964, 53.21226023321777], [-6.26959236775028, 53.21411693196794], [-6.269836354695818, 53.21641467957816], [-6.267209739506153, 53.22022317969067], [-6.267739708988919, 53.22380776347808], [-6.266702790200733, 53.225799556013115], [-6.264089200055004, 53.226868294023774], [-6.2637854903721095, 53.227759008187], [-6.26376829793575, 53.22865380757423], [-6.265143718832753, 53.231531280575076], [-6.267358805578964, 53.233230576459356], [-6.268059775067214, 53.23536537408674], [-6.253390234844026, 53.23790054862979], [-6.253769558023433, 53.23985699177196], [-6.257981148878043, 53.245426889942124], [-6.258531132607546, 53.24703395570413], [-6.25464974316343, 53.248435810903814], [-6.2531359020680535, 53.248295804708974], [-6.251973077365918, 53.24854882190963], [-6.251294138979996, 53.25071451410339], [-6.251830068124244, 53.25134645784998], [-6.251177148459394, 53.25288827152406], [-6.2518941269988675, 53.25460305824341], [-6.25089424880862, 53.25635880064436], [-6.2494744054147064, 53.25736673224874], [-6.252698101999071, 53.263182912624245], [-6.252444197764932, 53.265270717611685], [-6.252882186015568, 53.26558064052763], [-6.253444087711862, 53.26697247236654], [-6.254603004527577, 53.267528419112985], [-6.2541089999424955, 53.26860127789416], [-6.254988936017413, 53.269120240034596], [-6.254893899256158, 53.270063054428], [-6.2570327258237635, 53.27282675922222], [-6.261257127212966, 53.274136524487744], [-6.265070088019909, 53.27647278746647], [-6.262666643016177, 53.27797469601572], [-6.2647669371618875, 53.27892172267641], [-6.2648482734281, 53.27974973563536], [-6.2643124886395505, 53.280486082385536], [-6.269090402134471, 53.2820507694439], [-6.266424421149018, 53.28456144602859], [-6.267190061094235, 53.284682851949896], [-6.2691840596825825, 53.28599340454736], [-6.270262325535015, 53.286346706426066], [-6.270843325521564, 53.28676854952342], [-6.271158340174678, 53.287510342885646], [-6.263548091636351, 53.28705695770518], [-6.256432002204287, 53.28759388260985], [-6.256468975424733, 53.289449666275445], [-6.257732880585128, 53.29159336454095], [-6.257053603304349, 53.29536644600305], [-6.254902802450358, 53.29499328648518], [-6.254096839132419, 53.296396352661084], [-6.254418378763859, 53.29703646019016], [-6.257581713353881, 53.29738785245805], [-6.256643112730557, 53.298998488462885], [-6.2596148475257465, 53.29945900408198], [-6.258878877879638, 53.302169060251956], [-6.255657230250751, 53.30245908272835], [-6.257766012826122, 53.30461477221673], [-6.257494125913892, 53.30575766153285], [-6.259808811784348, 53.30636557211406], [-6.259605821543908, 53.30788136461984], [-6.258937966994918, 53.308394312268575], [-6.258287013580345, 53.308452300070996], [-6.256709184309724, 53.307771374704686], [-6.255589365993991, 53.30761937936152], [-6.249291113372831, 53.308234366677816], [-6.248975218076895, 53.308381343083894], [-6.2486482278309845, 53.309473255388596], [-6.246107610272531, 53.31237088107795], [-6.245166809310784, 53.31264382270044], [-6.243902931084, 53.312540825089144], [-6.241719236306759, 53.31358774630885], [-6.240729383753017, 53.313691777407264], [-6.238624591629264, 53.31347475888238], [-6.238798547318794, 53.31266784566815], [-6.238195600144554, 53.310230218288105], [-6.23682979358749, 53.307831457851556], [-6.236906653123856, 53.30596072477943], [-6.233406071892682, 53.30273711666808], [-6.228252710754358, 53.30205427529219], [-6.226889966961982, 53.30162833083863], [-6.224684222650615, 53.30049941507667], [-6.222528459967794, 53.300180510227946], [-6.221563604176043, 53.299677571780634], [-6.219188912395189, 53.299236617630896], [-6.208611307085268, 53.30366609175335], [-6.209569150766858, 53.304338082046264], [-6.209801667776717, 53.30494120719268], [-6.208642753072257, 53.3049039384075], [-6.206938541903752, 53.305745418531274], [-6.206357667105876, 53.306418459367805], [-6.204367570305711, 53.307222529054236], [-6.204451355551128, 53.30785919389714], [-6.203388017343188, 53.309339475866686], [-6.203316062509332, 53.31040132180236], [-6.20084134984629, 53.31162816292711], [-6.2033471411310135, 53.31500572256419], [-6.204992948566054, 53.31606458829756], [-6.20462160609065, 53.316250608136905], [-6.195828609177679, 53.31045578780994]]]}}, {"type": "Feature", "properties": {"division": "DMR North Division"}, "geometry": {"type": "Polygon", "coordinates": [[[-6.240046216120427, 53.63438596003037], [-6.238030075614262, 53.6342994915417], [-6.237996393771581, 53.63365059529613], [-6.238544506401332, 53.63288364164832], [-6.237872640147753, 53.63288597137575], [-6.237331910361432, 53.63260238026501], [-6.237808441075049, 53.63228120052339], [-6.237592330960112, 53.631889517444364], [-6.237972266932453, 53.63159090816554], [-6.237434057834837, 53.631450605512576], [-6.23697720314919, 53.63162010639702], [-6.236601626683202, 53.63144040677957], [-6.235618234372789, 53.62988448767558], [-6.235005917561148, 53.630017628521664], [-6.234001165737196, 53.629805002124925], [-6.233659545420458, 53.629517593171805], [-6.233280323550408, 53.629715276046205], [-6.232724567158594, 53.62910683751119], [-6.231572570288236, 53.62893038943502], [-6.231178311789782, 53.62908803171812], [-6.2309478441170345, 53.62866880313593], [-6.229500990610474, 53.62899815826823], [-6.2286625147086685, 53.62858583313831], [-6.228360967981293, 53.6289945838805], [-6.226287795716433, 53.62866325736157], [-6.226129387825479, 53.628816022470204], [-6.225183291241136, 53.62870484329113], [-6.224596432779675, 53.62910432008743], [-6.225738675183921, 53.629227398534326], [-6.225785248252866, 53.629600234994086], [-6.225118115026582, 53.62974940772359], [-6.224556027673213, 53.62958838083404], [-6.2241446735623525, 53.62987614628343], [-6.2231390468627525, 53.62981619256861], [-6.223048493417041, 53.63022914089181], [-6.2224491084389015, 53.63053702450554], [-6.221517896837721, 53.63043592392645], [-6.220788194699335, 53.63078221310311], [-6.219894532249163, 53.630458604407], [-6.2192126928595535, 53.630757696194046], [-6.218934693649255, 53.630619833586366], [-6.218219089994744, 53.630974225559264], [-6.217750489663941, 53.63192632386343], [-6.21698362398463, 53.63161500661426], [-6.216154140496157, 53.63204614477341], [-6.2165564334856205, 53.63289708652599], [-6.214611261667488, 53.633471274857406], [-6.212763815737975, 53.63371491742625], [-6.210521021358235, 53.632807064036164], [-6.209632607841746, 53.63314938368334], [-6.206737145586406, 53.63311051702736], [-6.205099398787832, 53.63254710666101], [-6.205027438665084, 53.632053906359154], [-6.204567524691958, 53.63216886771389], [-6.204754739198167, 53.631886073688484], [-6.204454482332, 53.63151571222118], [-6.203629881795817, 53.631124717902686], [-6.202180239954152, 53.63106681687501], [-6.201834337147819, 53.63143304717698], [-6.201761682341083, 53.63107733322563], [-6.201122675638673, 53.6312398259783], [-6.201263809822292, 53.630900446014785], [-6.20082901564653, 53.630647938407506], [-6.19891356720055, 53.630937434789125], [-6.195321030182891, 53.62974601063912], [-6.193268280061399, 53.63035094361973], [-6.192274996665146, 53.63035580101694], [-6.1911822573236615, 53.63066254525919], [-6.18955654792743, 53.63072755610497], [-6.189470878337892, 53.630430680587146], [-6.188658173519881, 53.63057762774585], [-6.187979057912238, 53.63011844900722], [-6.187494199943496, 53.63025327707518], [-6.187645563954768, 53.6297359471774], [-6.186923112975151, 53.629467886356714], [-6.186863517474904, 53.62891240070471], [-6.188341972917231, 53.628514030216145], [-6.1888789873358645, 53.628581563533665], [-6.1897474758493765, 53.628205484076375], [-6.1894225242852645, 53.62693053753854], [-6.1882476086154545, 53.62650582423425], [-6.188103563589084, 53.626052770024216], [-6.18840532768954, 53.625606825379506], [-6.188098655690161, 53.62505011556593], [-6.188442607059851, 53.624794973818624], [-6.188394142853913, 53.6228852392139], [-6.188819068180995, 53.62081776329411], [-6.187297115026762, 53.61939589762116], [-6.1862750931102966, 53.6192542307579], [-6.186733274368994, 53.6188810300602], [-6.186730705850461, 53.61825478188564], [-6.185552057780991, 53.61669709117955], [-6.184948395385848, 53.616391095674445], [-6.18392631033305, 53.61628176006122], [-6.183285964119307, 53.616493565331574], [-6.182654820582658, 53.616166111018394], [-6.182697249637339, 53.61539334010491], [-6.182160140458914, 53.61484776111854], [-6.1828876201963485, 53.61332105905458], [-6.181559624033644, 53.61224590274532], [-6.180314712908538, 53.61185437388842], [-6.179208787182752, 53.61166868012588], [-6.178574511638083, 53.61255394461483], [-6.178918731113835, 53.611848586898816], [-6.178519332866146, 53.61172810246666], [-6.180542578312691, 53.61094108192931], [-6.179993721765882, 53.61060093415948], [-6.178961489425855, 53.61140546310371], [-6.178537920987034, 53.611374569814004], [-6.177735094839068, 53.612269124800804], [-6.17837149724126, 53.612877437950004], [-6.1787409791818035, 53.612879469471906], [-6.178316400548393, 53.61297302964415], [-6.177594021377862, 53.61226571765742], [-6.178365708199493, 53.61109290276399], [-6.176063430558637, 53.60951619957831], [-6.173732523983354, 53.60857771632875], [-6.1719870114533935, 53.60841148605361], [-6.170784428366471, 53.608590545716766], [-6.170334734636438, 53.608876372767824], [-6.169477086711436, 53.60866724609721], [-6.168441740108797, 53.60887804846922], [-6.1656475825755725, 53.607777556757156], [-6.165768207014715, 53.607257622552574], [-6.165162768802795, 53.60717131928043], [-6.164875168539415, 53.607538158584084], [-6.164847599541436, 53.60717672924496], [-6.164447474345929, 53.60712951950942], [-6.1641825759383515, 53.60674611374777], [-6.165194714384777, 53.60590302875803], [-6.165254619188379, 53.60537515445276], [-6.164372074724285, 53.603294699514656], [-6.161795883894527, 53.60056083820316], [-6.160880667804757, 53.59930135254444], [-6.160698765261556, 53.5983891620255], [-6.157659867168453, 53.59517141943628], [-6.157013451075077, 53.59353535227482], [-6.155357802773274, 53.59150266946996], [-6.155246716946599, 53.59082989633303], [-6.150324204281435, 53.58703737435878], [-6.147280878577581, 53.58596385628402], [-6.1444628893440925, 53.585823195257774], [-6.143729603509945, 53.586118003029554], [-6.143603575549846, 53.58691274709916], [-6.142802849767913, 53.587154108537476], [-6.140475298214849, 53.586671373619396], [-6.1396939839108695, 53.5866974172044], [-6.138938477955907, 53.58704038016448], [-6.138155542376698, 53.586669700405785], [-6.134798053091341, 53.58664164616915], [-6.133216533019423, 53.58630556779684], [-6.132061478292881, 53.585765025054414], [-6.129890067965749, 53.5859113677767], [-6.125215560661655, 53.58413162311226], [-6.1247773465973605, 53.583783064851104], [-6.122723853522583, 53.58353866096287], [-6.120725616068084, 53.582568935666906], [-6.119808770724098, 53.58277344830135], [-6.119762389405602, 53.582491154348034], [-6.119213308458705, 53.58236299158864], [-6.11823022913573, 53.58275733591729], [-6.115160990115499, 53.58175349197888], [-6.113403947278098, 53.58158765334558], [-6.112880664406571, 53.593105680021814], [-6.0676558838813, 53.59235241796219], [-6.068063457054295, 53.58342173820891], [-6.079192226586851, 53.570949365843305], [-6.1003644633974545, 53.5712767445362], [-6.1005227886423405, 53.570478418200835], [-6.099882437891133, 53.567575828364006], [-6.098979553453785, 53.56596167842675], [-6.097453042373423, 53.56482577835448], [-6.093683262108703, 53.564380901002416], [-6.0912576068718165, 53.563760821727286], [-6.090494258282918, 53.56336362338369], [-6.0889590703158385, 53.56171215102798], [-6.086729853652507, 53.56073868807043], [-6.085622489499336, 53.56069462818255], [-6.082954173283375, 53.55987592007172], [-6.083283007998238, 53.55927186356886], [-6.082800543852387, 53.559053288124325], [-6.082427997509716, 53.55823235747377], [-6.082857723642209, 53.557260817786045], [-6.0816169838016805, 53.55526454628558], [-6.080702365926771, 53.55466165519168], [-6.080344388835936, 53.55353170297042], [-6.079264418585611, 53.55321148787972], [-6.080645204332046, 53.551869233016475], [-6.080209642407437, 53.55127672388655], [-6.0793226612635, 53.55112380409111], [-6.079722149615979, 53.550946164800635], [-6.07925534844975, 53.54988159300638], [-6.079621018143611, 53.549384186157944], [-6.0804986525166065, 53.549022528383894], [-6.080415278985751, 53.54789518615811], [-6.0802460257956605, 53.54734532910304], [-6.078401125266146, 53.547024050977285], [-6.079368838927675, 53.54681591277174], [-6.0792007745479335, 53.54655887489808], [-6.079235542451854, 53.545763887896264], [-6.079448128601016, 53.54549400371797], [-6.079488236555222, 53.546781882872544], [-6.081468278388747, 53.54701265428166], [-6.082580626414437, 53.54672386019093], [-6.083320527924797, 53.54624403771604], [-6.083699525441398, 53.545805159795286], [-6.083276412390307, 53.54503123055762], [-6.083798738381929, 53.544378058785455], [-6.084699459523239, 53.543942955604585], [-6.0847239678761795, 53.5428354996356], [-6.084560531330581, 53.54229652513893], [-6.083162130923328, 53.54184964325676], [-6.078343374586342, 53.54177092113844], [-6.077619970077164, 53.542041036890836], [-6.077633215772644, 53.54178727175318], [-6.077070056183864, 53.541863142414954], [-6.077425982325847, 53.54154398068874], [-6.076789682355545, 53.54106227618271], [-6.077684673408501, 53.53929037876817], [-6.078858609117109, 53.53913517222072], [-6.078877750022564, 53.53885543902993], [-6.079449281208462, 53.53871462751367], [-6.0818937424459705, 53.53879288540444], [-6.083410178285865, 53.53837926561791], [-6.083969153123674, 53.53720758085533], [-6.083407270447619, 53.535142033266546], [-6.084255451877641, 53.534819151295736], [-6.084697268680684, 53.5349400997076], [-6.085445938334509, 53.534723910656204], [-6.08601808530695, 53.534013470419744], [-6.08524014461991, 53.533583015056465], [-6.083349449225551, 53.53320553491001], [-6.08332120693449, 53.53299352301164], [-6.084158347805153, 53.53300227241773], [-6.084038564750929, 53.53280065683926], [-6.084409479815284, 53.53264806818071], [-6.08689122159374, 53.53231691763778], [-6.087094871610991, 53.53201910623175], [-6.086720704579833, 53.53132002554777], [-6.087076034010497, 53.53073453605302], [-6.085587993965416, 53.526120048673555], [-6.084494716830891, 53.5247836586176], [-6.083086853836274, 53.52378237730234], [-6.081906723896852, 53.523591876261634], [-6.0810836031715745, 53.52260319037404], [-6.079549142978658, 53.5225393566627], [-6.0789418621964595, 53.52272740471507], [-6.0795855190429355, 53.52305760484573], [-6.078785846378383, 53.52315142940004], [-6.0787008491619385, 53.52274851444033], [-6.076854259610744, 53.522707846880245], [-6.075270119600386, 53.52191842994033], [-6.075000166849538, 53.52131076912996], [-6.075631452700009, 53.52098553350805], [-6.076128279933555, 53.51974385948185], [-6.0807106613737565, 53.517551868653044], [-6.082809542550421, 53.51724728192993], [-6.08416251269138, 53.516789872865544], [-6.085826906122173, 53.51723040717126], [-6.087379154029361, 53.51714930307843], [-6.088434917649197, 53.51740543610608], [-6.08846724192545, 53.51781163584883], [-6.090059204069351, 53.518271711750806], [-6.09176864223084, 53.51823853730913], [-6.0933270773612795, 53.517823669845725], [-6.096303260574179, 53.51652394018101], [-6.100166156425064, 53.514313455390656], [-6.103599127323242, 53.51200309842586], [-6.105519908323536, 53.51020665127489], [-6.108415841232693, 53.509412138650916], [-6.110287864647536, 53.509584027016146], [-6.112594164691203, 53.50948890736247], [-6.115185864384707, 53.5103422574091], [-6.119405096599805, 53.510963066188516], [-6.120071797605753, 53.510874158693824], [-6.119191346177948, 53.51170689539372], [-6.119735738157177, 53.51166486467424], [-6.120734258663871, 53.51276595283053], [-6.1223984606270605, 53.51354739573938], [-6.122017805316489, 53.514244748950354], [-6.123926578921833, 53.514131297212245], [-6.126823995793278, 53.51342524640881], [-6.133565157380371, 53.51233382292529], [-6.1351468318176865, 53.511310257723856], [-6.14170139040083, 53.50898072321132], [-6.146086023594946, 53.50980276350523], [-6.147319237907646, 53.509686185284984], [-6.147663677060191, 53.5095091763734], [-6.149134290912352, 53.50175234533907], [-6.148989980250935, 53.50033697220398], [-6.146596516946018, 53.500090016717834], [-6.144456501502265, 53.50118738322323], [-6.143105807200486, 53.5005018892639], [-6.141397460850879, 53.50005328942504], [-6.140054768431813, 53.499891026416016], [-6.138720010549231, 53.500112443554755], [-6.129032967702581, 53.498512317939756], [-6.1263274475288245, 53.49847962458691], [-6.125215170682707, 53.49874338440467], [-6.121911384759035, 53.498445247645655], [-6.120809710986463, 53.49895762879273], [-6.1201135747268705, 53.49860363649959], [-6.1219361928731075, 53.5004904007137], [-6.123055873118371, 53.50092706751347], [-6.12430046931281, 53.50094535522045], [-6.126191038786958, 53.50216348444779], [-6.127364719175111, 53.50513578760658], [-6.130160384447103, 53.5097069412185], [-6.130079176172351, 53.510240855349245], [-6.129623749241484, 53.51044025226556], [-6.124080406378976, 53.50914727580589], [-6.121835089287441, 53.509593626656645], [-6.1200689657352925, 53.508798168034474], [-6.119014318167365, 53.509729986549395], [-6.1184497348654485, 53.50927137972848], [-6.1172880384232595, 53.50977559485073], [-6.113129538094154, 53.50901699822616], [-6.101712943701478, 53.50514027031751], [-6.10187436969841, 53.50310588522615], [-6.011582885328131, 53.501627774561484], [-5.987674747602791, 53.494861524122875], [-5.988508727523999, 53.47724686338047], [-6.01256804224072, 53.47764961646608], [-6.04250176938823, 53.484183328146344], [-6.1006117398131545, 53.4851214454337], [-6.105750606043198, 53.483551282591144], [-6.108787279708184, 53.48294288200109], [-6.110639795248368, 53.48292923859557], [-6.112885372381484, 53.481387208663186], [-6.113109590228523, 53.48091299004082], [-6.1128343496007895, 53.480062405327885], [-6.113264411682959, 53.47979616749834], [-6.113043163470218, 53.47943677830828], [-6.114664252394566, 53.47872919857281], [-6.114910778171336, 53.47791084873346], [-6.115270054925434, 53.47777191398436], [-6.11567878414211, 53.47802533138918], [-6.116771104602626, 53.477931835540865], [-6.118259708247601, 53.47683782557373], [-6.124162187785531, 53.46857813144918], [-6.127393749114701, 53.46307051734908], [-6.12891482816136, 53.45940735015043], [-6.130896341473543, 53.4563721187312], [-6.133597601609089, 53.453431866935155], [-6.135127419197108, 53.452364898702896], [-6.136631898560891, 53.452416334160546], [-6.1394289283433565, 53.45297859905021], [-6.140638413096509, 53.45354098414146], [-6.140753276413525, 53.45396157720873], [-6.139911189574185, 53.45383441596263], [-6.139070335954213, 53.45398299526887], [-6.1406111791729225, 53.454064694728594], [-6.140390533583795, 53.45421763684188], [-6.138791179375789, 53.45470687862628], [-6.138807467180184, 53.45495904452725], [-6.1384357537698575, 53.45487191556923], [-6.13817086586604, 53.45499414644389], [-6.13976821313932, 53.455110709793495], [-6.143006172031097, 53.45415974961322], [-6.1437361010587965, 53.45422232573923], [-6.143846665663549, 53.45445753179845], [-6.145380121227061, 53.454071181277705], [-6.145751479839821, 53.45421220562406], [-6.146100755005919, 53.45491135001132], [-6.143233330807285, 53.45528857029172], [-6.14161926696512, 53.45575335669031], [-6.143819849631517, 53.455638573303226], [-6.141735627995866, 53.45632765202075], [-6.142274662946135, 53.45631186303168], [-6.142042150577641, 53.45637241442014], [-6.141600118111704, 53.456331025786255], [-6.141713588179138, 53.456451243100815], [-6.142586875501863, 53.456459526307846], [-6.1451788117027615, 53.455640995393594], [-6.146326059609339, 53.45560021180593], [-6.147126360386738, 53.45515967739718], [-6.147286517961789, 53.4552974197064], [-6.14687567419533, 53.455717577238865], [-6.146998480481981, 53.45591171903507], [-6.147482718336161, 53.45588508072937], [-6.147428384738272, 53.45605769108223], [-6.14488691882511, 53.45695524353987], [-6.143954962785456, 53.45779328904556], [-6.143331446712102, 53.458825213285834], [-6.14288533132895, 53.46180103946774], [-6.142471167766725, 53.46249667853002], [-6.141459710512984, 53.46305243893516], [-6.14000583642463, 53.463286479326705], [-6.138332193292082, 53.46529465574089], [-6.135965680448778, 53.46618504326136], [-6.135683142888446, 53.466688230008145], [-6.134392908771232, 53.467464079861685], [-6.132580653038003, 53.4678212189889], [-6.13223872162046, 53.468448033096394], [-6.133335034714787, 53.46999173878525], [-6.134639522180966, 53.47028074703592], [-6.134844734359282, 53.47010258987914], [-6.136440609320586, 53.4711214842604], [-6.138987630065024, 53.47163347506108], [-6.143298193607795, 53.47418497805051], [-6.145346382991114, 53.475019353528836], [-6.148372931575638, 53.47506657914055], [-6.149938444005486, 53.47584692844286], [-6.1505793987731385, 53.475910058678764], [-6.150433423477621, 53.47572706608764], [-6.150782394571887, 53.47566767189116], [-6.15265425595957, 53.47617017040613], [-6.1530347892741615, 53.472149893986796], [-6.15099980431624, 53.47157153871394], [-6.149094060072343, 53.47226908486308], [-6.1486414777375344, 53.47209517861535], [-6.1484784642261054, 53.471376732852406], [-6.14892298674812, 53.470642719744895], [-6.150395804502246, 53.47041191828426], [-6.151339451403481, 53.46988855573158], [-6.152851825038159, 53.46952981996165], [-6.154113386096727, 53.46868412904572], [-6.155163798351232, 53.46897347852569], [-6.157284309045597, 53.46855415849315], [-6.159748582930098, 53.46870116765167], [-6.160437985917176, 53.46833136084439], [-6.168615552344346, 53.46971550350414], [-6.172546145227292, 53.46955336585166], [-6.1758890482189095, 53.46892405072972], [-6.179590737994298, 53.46692759588601], [-6.182484174527141, 53.466024867144014], [-6.184086022801337, 53.46598137967741], [-6.183840376681581, 53.46632931103487], [-6.184148412996194, 53.46663218841303], [-6.186783632068476, 53.46704303306612], [-6.186706109871176, 53.46656553889179], [-6.187554863566329, 53.46595651256144], [-6.189360073143625, 53.46518287034955], [-6.190150429394086, 53.46453771137949], [-6.1921908170111095, 53.46388586131512], [-6.193036160753301, 53.464201789849774], [-6.191843116525545, 53.464626080302196], [-6.192044259632121, 53.465069044984425], [-6.19451638064283, 53.46522498226351], [-6.1970089770500465, 53.46505656239672], [-6.199953506741214, 53.46627433480056], [-6.200567103680268, 53.466265966449086], [-6.200290779995156, 53.46590959820998], [-6.200558787939854, 53.46587831656651], [-6.203487374925375, 53.466553927744094], [-6.204199951042378, 53.46639901236383], [-6.20442530682177, 53.464986122153014], [-6.202801010533658, 53.46472461096436], [-6.201887379499045, 53.464094703190995], [-6.201405921918052, 53.46407487216287], [-6.20130500252931, 53.463694545052135], [-6.200666669797969, 53.46342241604185], [-6.1990441534016005, 53.46312079832215], [-6.1965684433100146, 53.463113546219674], [-6.195432563402414, 53.462748318021006], [-6.194847948694174, 53.46226226670713], [-6.1910128729893135, 53.460991065859304], [-6.1890944880587595, 53.46002876824297], [-6.1856509140930545, 53.45982201366603], [-6.183855514069622, 53.45940396292572], [-6.181168419991745, 53.45835039704797], [-6.179582297848266, 53.45707243227661], [-6.178080086738998, 53.45706183568293], [-6.177146796213451, 53.45669718428999], [-6.17711484374821, 53.45625461865131], [-6.174684505270884, 53.456617335011195], [-6.172882162224737, 53.456187238519206], [-6.172948436736482, 53.45556067849383], [-6.172616090341419, 53.45566263009857], [-6.172365615842892, 53.455451552973095], [-6.171735167574114, 53.455838147216404], [-6.171433386121587, 53.45573736407277], [-6.1711948378200905, 53.45622252293318], [-6.170385088839009, 53.4563048445739], [-6.16823055955329, 53.455835668426005], [-6.1679781925590085, 53.45611597184111], [-6.1680309854961255, 53.4557753588929], [-6.167481868201837, 53.455826699022005], [-6.163478466339878, 53.454663640608416], [-6.158558754256515, 53.45260764261818], [-6.157599195442247, 53.45247142429083], [-6.1566705867791125, 53.45263557985674], [-6.155738765686821, 53.45774362132828], [-6.154535936229838, 53.45753873471168], [-6.153758759727949, 53.45687200544038], [-6.153864713463132, 53.45453346864959], [-6.152473597168539, 53.452641449653626], [-6.15152391455524, 53.45230402208725], [-6.15134854717185, 53.45256202635365], [-6.1514802775773685, 53.452276654928575], [-6.150867300013098, 53.451989370018325], [-6.148596411365212, 53.451475974483564], [-6.14018638144809, 53.45111548490396], [-6.1388665186486016, 53.45049781102786], [-6.139579415102955, 53.45124659055694], [-6.1387910352187545, 53.45140596070458], [-6.137757752777638, 53.4512652888805], [-6.134508714983044, 53.44737882622698], [-6.133399405795451, 53.446590566127625], [-6.128914918270923, 53.44556072089567], [-6.128180365374517, 53.44488163626995], [-6.126897639330139, 53.444714758750045], [-6.126368359106951, 53.44429780475601], [-6.125599836623274, 53.4442505133408], [-6.124385393973002, 53.44361662500077], [-6.122859211924201, 53.44204063192348], [-6.122934371488462, 53.44174667197871], [-6.1220343258510965, 53.441485099981065], [-6.1227580415020055, 53.44091734222488], [-6.122057485706532, 53.43968549632932], [-6.122760202956039, 53.439489031063715], [-6.122196895512317, 53.43761423749964], [-6.1216260412760555, 53.437138189380875], [-6.121920504911904, 53.435944549679775], [-6.123948567396042, 53.433652597380956], [-6.123246220712954, 53.427152209526525], [-6.123331994898392, 53.42378063200748], [-6.120838990450269, 53.41833547154618], [-6.115443921447968, 53.40975561816299], [-6.1129701212675, 53.4045864824171], [-6.112664568559369, 53.40291540108163], [-6.113398920207208, 53.40119272758101], [-6.1145666455719505, 53.40010699823317], [-6.115649427935813, 53.39967904646432], [-6.11665664857953, 53.399562920897964], [-6.118161642299737, 53.4000826709715], [-6.118429384003241, 53.40040630167877], [-6.117418363047032, 53.40027675866928], [-6.116120428758225, 53.399702209948835], [-6.115814450378999, 53.39980360960707], [-6.115662635806387, 53.40019108300287], [-6.116020320996722, 53.3998486504488], [-6.1159757383644795, 53.400242850140984], [-6.117150246292073, 53.40033526074033], [-6.115850967628276, 53.40053476607445], [-6.118390367227123, 53.40044451189777], [-6.120751133315996, 53.40025361024974], [-6.121973644677328, 53.40062479679168], [-6.122087546435985, 53.40105726115864], [-6.121507343755912, 53.401690812778185], [-6.121862194403654, 53.401789146802365], [-6.121811479850468, 53.402160422901524], [-6.122330159241238, 53.40196628005683], [-6.1222547413474375, 53.40213261702009], [-6.122591518242503, 53.40205568146093], [-6.122364570532556, 53.402255044401144], [-6.1228187294725185, 53.40220511914386], [-6.12238338222459, 53.40250374951165], [-6.122741712039935, 53.402847129923124], [-6.122350904785714, 53.403246669652454], [-6.122913760832724, 53.40379583959526], [-6.122420375862509, 53.40426566469863], [-6.123329429791214, 53.40471063364276], [-6.124054351825561, 53.40566749389424], [-6.125644931759414, 53.40989449509695], [-6.127276291789886, 53.41170461891108], [-6.128162579821906, 53.41329381256021], [-6.127785530742887, 53.413638942678105], [-6.128093974970881, 53.41420027321437], [-6.127862810352219, 53.41441000536773], [-6.128829185363605, 53.415683108621195], [-6.128451730119409, 53.41587895541669], [-6.129325548437455, 53.41712489938931], [-6.128962897532136, 53.41751169002885], [-6.129343861613625, 53.417623350954045], [-6.129410931654825, 53.4182094736156], [-6.1303988382140435, 53.41902320035988], [-6.1322555137251715, 53.419516009260136], [-6.135986287715177, 53.41935485437277], [-6.137846135560951, 53.41900192268952], [-6.139012275628787, 53.41851475470199], [-6.141210702798769, 53.418320101831505], [-6.141280177781764, 53.41794488712664], [-6.141068493756655, 53.41763242874751], [-6.140356837839789, 53.41766025911511], [-6.140818019017236, 53.41745264718539], [-6.140754329151685, 53.417226164988556], [-6.1390670452476455, 53.41717857264976], [-6.138964902332359, 53.4173497158128], [-6.13844180697042, 53.41702619571899], [-6.137192832815088, 53.41714987878947], [-6.137088356865905, 53.417601206932716], [-6.1365682435650095, 53.41772313434892], [-6.135492164334948, 53.417691772721746], [-6.135886951723796, 53.4170710759205], [-6.135598318720609, 53.4168367634639], [-6.1365636366488845, 53.41513652592509], [-6.136391411657346, 53.41254163826435], [-6.136890912221517, 53.41162707128308], [-6.136537035869703, 53.40997480840178], [-6.135221296972788, 53.407376527097725], [-6.134690488370073, 53.406818839857635], [-6.134025583406512, 53.406873604520094], [-6.133400784404023, 53.40632136222355], [-6.133163132743197, 53.405610345288395], [-6.132311551370773, 53.40523807014026], [-6.131181766858232, 53.40282059853434], [-6.129581434180275, 53.40082722041842], [-6.126802429767727, 53.39925777087929], [-6.1251855287769486, 53.396464289394665], [-6.122620704323587, 53.39444532133583], [-6.119417006297498, 53.39305370115969], [-6.116745697881567, 53.39225205636821], [-6.113264959135078, 53.392065861528096], [-6.11356123756052, 53.39227788326928], [-6.113078180119228, 53.39287931792152], [-6.115369377711413, 53.39590318188177], [-6.115033888914716, 53.3960976717486], [-6.114019667623855, 53.39587754638438], [-6.112637070406099, 53.39493925024395], [-6.109378415642909, 53.393369978123204], [-6.108379556961376, 53.393132701123896], [-6.10201162556178, 53.39229220351826], [-6.099094883279203, 53.39211447373541], [-6.096451161130042, 53.39213785043439], [-6.096029818163375, 53.392184873483565], [-6.09595457613361, 53.392428667921074], [-6.093989856142761, 53.3925075793639], [-6.091003784342172, 53.39221970692531], [-6.088762589508394, 53.39249677421838], [-6.086245231612496, 53.392063323176735], [-6.08500158674167, 53.39219148519008], [-6.082589960643756, 53.39075360444261], [-6.082693112238783, 53.390566347532605], [-6.0737854684833215, 53.389140126181104], [-6.068451125169588, 53.39308169857948], [-6.06851119787082, 53.39276568485839], [-6.068179471201165, 53.39261013560451], [-6.068371883832508, 53.39245219608825], [-6.068711783546334, 53.39259430583331], [-6.07307087454996, 53.38895971615275], [-6.068844394602886, 53.38790277815981], [-6.067290229489424, 53.38781470452207], [-6.066546493303338, 53.38784058351238], [-6.065126338745816, 53.38847184883876], [-6.063964899455408, 53.38862269338901], [-6.062901726822228, 53.391728117509984], [-6.063697786301398, 53.392353798903244], [-6.066156698021624, 53.39309262221197], [-6.066384076286244, 53.39284474866061], [-6.066696773968827, 53.39290571658484], [-6.066511338334096, 53.39316936922077], [-6.066941694003902, 53.39337037887594], [-6.066308831342712, 53.39360161730288], [-6.0630540259552586, 53.3924672885795], [-6.062489851461794, 53.391808878641534], [-6.063201131099235, 53.38872345094494], [-6.062741784086031, 53.38778094361003], [-6.063047742055179, 53.3869711108093], [-6.062527654474541, 53.386405447230196], [-6.06057290076609, 53.3863596722137], [-6.059652784215609, 53.385948908312194], [-6.057475238044858, 53.38645344425569], [-6.056024343435804, 53.38643242346062], [-6.055494558421531, 53.386288350882346], [-6.055665573842704, 53.3861568651273], [-6.055141812541109, 53.386201625534994], [-6.055369293222616, 53.38597381661018], [-6.05396742223678, 53.38600641514862], [-6.053433864601654, 53.38578767547672], [-6.0496054715634315, 53.38614173063147], [-6.049084950169091, 53.38572519086994], [-6.048724760069846, 53.38576630588725], [-6.048422429311183, 53.38535854479354], [-6.047853497815656, 53.3853933664659], [-6.047179200271457, 53.3849945253793], [-6.04657405586535, 53.38517856925803], [-6.045762700664737, 53.38509527176358], [-6.045426393809248, 53.38475596939309], [-6.045262111540621, 53.38353341215397], [-6.045787908209493, 53.38297563518298], [-6.045309200540477, 53.382527498070594], [-6.0454970059352515, 53.38208947044656], [-6.044908725845416, 53.38190358899199], [-6.044460935891806, 53.38070577263456], [-6.044462734495532, 53.3800661648108], [-6.045396399994919, 53.37930144135859], [-6.044095239906236, 53.37892107035925], [-6.044185369042253, 53.378561252055114], [-6.04480186600494, 53.37845227195996], [-6.0446275175672115, 53.378074907289026], [-6.045678962690002, 53.377452136923935], [-6.045227376908855, 53.37690036901423], [-6.045520273960368, 53.3767355731774], [-6.045010604971669, 53.37644528688056], [-6.045230930637374, 53.37524008331067], [-6.046437129952736, 53.37488488200591], [-6.0463073337641084, 53.37401906075706], [-6.046622724387912, 53.37388761541351], [-6.046630218799019, 53.37335298398564], [-6.048854863821744, 53.37226469424352], [-6.049972418795317, 53.37112367260827], [-6.050035358446942, 53.37058167883647], [-6.051319119988561, 53.37001145858132], [-6.052324850476461, 53.369922099099206], [-6.05191390875269, 53.36908252113808], [-6.053268549990983, 53.367451299481125], [-6.05472155751875, 53.366919665322236], [-6.055207420598221, 53.366281747508665], [-6.053383899863694, 53.3650390594046], [-6.0536467825035585, 53.364815246297006], [-6.053885594188012, 53.36490730919299], [-6.054123277631371, 53.364371759102326], [-6.053909074782412, 53.36406071359257], [-6.053043728738653, 53.36396606673424], [-6.053731798884357, 53.36384760508633], [-6.052405612565018, 53.36360343223771], [-6.052044218302321, 53.36272745484487], [-6.052185343120403, 53.36248062663047], [-6.052557385220546, 53.362517526771555], [-6.052358287671356, 53.36199264400342], [-6.051979222346877, 53.3619061068361], [-6.052462444111233, 53.361925950275214], [-6.0518784788366204, 53.361371234827295], [-6.052684006562633, 53.36139067791394], [-6.052728560794399, 53.361704258873814], [-6.053541130080532, 53.361661797313026], [-6.056120676367855, 53.3636384998103], [-6.0574612388226985, 53.36409550801308], [-6.058402510174417, 53.363984197462536], [-6.059323742894794, 53.364294424934776], [-6.060364317680203, 53.364165751063624], [-6.061340876386171, 53.36341921910641], [-6.061384590633879, 53.363591769141884], [-6.062905911983519, 53.36371219733887], [-6.064128002189596, 53.364720114911066], [-6.0655793187297276, 53.36487145783353], [-6.0678698962865285, 53.36427145664846], [-6.0693449408624485, 53.364621401168314], [-6.071583675755302, 53.364193678345856], [-6.071916155647515, 53.363842430371434], [-6.071551674682078, 53.362666554770954], [-6.072824391821444, 53.362257791192405], [-6.07448384256986, 53.36219453217488], [-6.074828160434555, 53.36137657040974], [-6.075489781556769, 53.36118278196151], [-6.075182143723144, 53.361069429832156], [-6.0755277902894935, 53.360867396463824], [-6.075223597734771, 53.3606556878504], [-6.076981014764312, 53.360182081507894], [-6.077564916003164, 53.36033780849827], [-6.078075993774957, 53.36098828495548], [-6.078997144142552, 53.360897249870675], [-6.080090778956124, 53.36110637755567], [-6.080755656864265, 53.36155611184928], [-6.081207732344085, 53.36154954306821], [-6.081152814158415, 53.361098030510064], [-6.081595680685959, 53.36092127030783], [-6.082129974113838, 53.36138192807154], [-6.082124919924962, 53.36214532897241], [-6.082602567454289, 53.362535152238905], [-6.082820562548985, 53.36239099188754], [-6.08365496823955, 53.36274493199521], [-6.083799550541267, 53.362497044864824], [-6.085154118797326, 53.362932035439776], [-6.085967610374273, 53.36414823571411], [-6.086912025999596, 53.364888488745386], [-6.087298626429591, 53.36481730562494], [-6.08758592807196, 53.36511481151787], [-6.087444730125704, 53.36481173900887], [-6.087675507569776, 53.3649049528851], [-6.088716021956927, 53.36603238196653], [-6.08964579147326, 53.366434540588905], [-6.091194508535374, 53.367902616945535], [-6.094073027171524, 53.36874321281655], [-6.094815230505778, 53.369246227985656], [-6.095914661411815, 53.369418002807365], [-6.0958301233297965, 53.36923780479723], [-6.096254156993786, 53.36923369727894], [-6.096097761950531, 53.36944465159724], [-6.097586552653179, 53.3712161782832], [-6.097345608624784, 53.37160274846264], [-6.098030917728915, 53.372536051218795], [-6.0979386262809605, 53.37289371595757], [-6.098582329969595, 53.37350424338947], [-6.098505061739058, 53.37414785706018], [-6.101570753115459, 53.37633243546758], [-6.102106922478842, 53.37704422813433], [-6.102794188809512, 53.379038850467495], [-6.102606809783384, 53.380526067215236], [-6.10080727167694, 53.3848263844351], [-6.101770041163904, 53.38560742735317], [-6.103598508764307, 53.38648850193327], [-6.107402081461616, 53.38747153026229], [-6.109059239494619, 53.38770729631669], [-6.112934563287184, 53.38779129050969], [-6.116113083852545, 53.388605345444276], [-6.121134760073129, 53.38867849528882], [-6.1313305386374, 53.38746083311586], [-6.14299340504786, 53.38475401824195], [-6.139031086323894, 53.38184142520015], [-6.129768733120873, 53.3847597619369], [-6.107113885777626, 53.384402540304976], [-6.108193634715587, 53.36005399681574], [-6.12598332880517, 53.36034169957569], [-6.150065296585806, 53.34281110160312], [-6.182202940491829, 53.34345449385225], [-6.181898913876721, 53.35059763856581], [-6.1878056450754615, 53.35411500021248], [-6.22414673423751, 53.36065187507674], [-6.228309095621751, 53.3590514860953], [-6.23109935835746, 53.3573196241212], [-6.234523086311708, 53.358353541807986], [-6.239688045832947, 53.361388811663595], [-6.242441727000566, 53.361988683713186], [-6.244993409535224, 53.3635765374733], [-6.245900344767588, 53.36362151021042], [-6.247556167469071, 53.36426838593413], [-6.247750100374883, 53.36476633827333], [-6.248694997729927, 53.36516432420609], [-6.250530750814898, 53.366645112570296], [-6.252733482442221, 53.36699607687267], [-6.253323468358819, 53.367595981594974], [-6.253407466768675, 53.36817194083341], [-6.255216257305197, 53.36834282968717], [-6.256703988537456, 53.36786992307188], [-6.257149972113818, 53.367985902613185], [-6.257672939619841, 53.36865984959943], [-6.261450447741699, 53.369744701804166], [-6.262401370594052, 53.37028960473015], [-6.263089310275191, 53.37140441264848], [-6.265057981429899, 53.372259332982274], [-6.26823360358583, 53.373250195487046], [-6.269389482064726, 53.37325015943108], [-6.269652450296645, 53.37374314398723], [-6.271790131162771, 53.373892126624085], [-6.273701989902303, 53.37474598938218], [-6.276980485203857, 53.37528290558504], [-6.2791792723211595, 53.37603980756523], [-6.278388340521427, 53.376408733798684], [-6.27802942822369, 53.377617625296274], [-6.27702659173197, 53.37729965385474], [-6.276702555154696, 53.37762857675069], [-6.275987701552705, 53.381362106449316], [-6.2765676868822275, 53.38376582108854], [-6.2782655548491935, 53.38503864005288], [-6.278561510521843, 53.386088561075496], [-6.279637402241784, 53.38741933897202], [-6.279214514252842, 53.393687588394364], [-6.278116651529097, 53.395713353238264], [-6.281020279295456, 53.396497274614994], [-6.283087090363619, 53.39634126234411], [-6.284668828871989, 53.397022130535866], [-6.291024056403061, 53.39797300571493], [-6.29080309146176, 53.39888490604288], [-6.287755438478691, 53.398874923727256], [-6.286213696350242, 53.399324886768234], [-6.282844114316684, 53.403088416865465], [-6.281990222857928, 53.403244367134214], [-6.282237254131282, 53.40834179876379], [-6.284991078592332, 53.41286819138827], [-6.2845250995867445, 53.41461595055897], [-6.283553221908799, 53.41490493375769], [-6.282905331970005, 53.41557081449174], [-6.283350246567058, 53.41574581069973], [-6.283100360591594, 53.41634974230775], [-6.281835453901425, 53.416904738028556], [-6.279300742347946, 53.41673270357391], [-6.278920897412812, 53.416356780224625], [-6.278399892110514, 53.41665276071084], [-6.276513169562109, 53.418625518504925], [-6.276407233329198, 53.41983939987039], [-6.303008867936996, 53.421300036655964], [-6.306542444924182, 53.42192394607924], [-6.305653482443946, 53.42437368656917], [-6.301886986231659, 53.425332559980724], [-6.291566320593173, 53.4249156127284], [-6.289640593699119, 53.42505663607603], [-6.282605487653774, 53.42441578847435], [-6.2686872664748785, 53.42357388644381], [-6.267646414540309, 53.42416586392489], [-6.27379766608457, 53.42570565793503], [-6.278127113345632, 53.42620755673623], [-6.279950917198695, 53.43001209393502], [-6.281425648967917, 53.42986509375338], [-6.281965645102106, 53.43048003030273], [-6.288115857770708, 53.430669926148454], [-6.290301599805755, 53.43252273864627], [-6.2902116062697155, 53.43474843584895], [-6.291160507364397, 53.4364492444098], [-6.291944456845705, 53.43662923791], [-6.2939952271000355, 53.434802378506994], [-6.2963609061713814, 53.43358758986891], [-6.297121733056223, 53.43292360870636], [-6.297849661029907, 53.433069602791335], [-6.299109488769086, 53.432648630880365], [-6.299049474696887, 53.43416649182347], [-6.297103792781918, 53.436196245365714], [-6.2963599385213636, 53.43642217172582], [-6.296042991190495, 53.43729505151207], [-6.298087690458131, 53.43985477671416], [-6.30156137853348, 53.443413303857824], [-6.304712897182004, 53.44517811037767], [-6.30628472494226, 53.44827064024299], [-6.308179555752065, 53.449662533572386], [-6.308295521225404, 53.45029038988569], [-6.312090020245925, 53.45023354387919], [-6.314502844026799, 53.45104400814635], [-6.3178097319101445, 53.450272643120606], [-6.318766110351446, 53.450261666979344], [-6.320015865329941, 53.4507765038792], [-6.3187285764954435, 53.451557328487965], [-6.318360647364365, 53.45153579169219], [-6.317575500787025, 53.45239700758234], [-6.316275931499863, 53.452352989237546], [-6.316147547264458, 53.453269018115414], [-6.318698313289203, 53.45451981451979], [-6.31978214229629, 53.45426483033021], [-6.321693894023211, 53.45452780027522], [-6.322492803692989, 53.45433681883027], [-6.322217844960526, 53.456998487425324], [-6.322407820531846, 53.45791243310436], [-6.32329077138203, 53.45846431879634], [-6.32458164397426, 53.45871825299751], [-6.326005428735023, 53.45843535815165], [-6.326703294511335, 53.45793836447252], [-6.3267153343259155, 53.45763540341552], [-6.328137099645128, 53.457418419074884], [-6.329654914908429, 53.45764240253693], [-6.3314456390924, 53.45665550584494], [-6.335243270862624, 53.45785532634877], [-6.336330074338724, 53.457533371194074], [-6.337904900876751, 53.45772335442443], [-6.338163807126598, 53.45833429415533], [-6.339218734693374, 53.45882222021413], [-6.342145385063169, 53.45916619121288], [-6.336752042127774, 53.46265074480414], [-6.3408206158569, 53.46270769444403], [-6.343937139760688, 53.46396553121178], [-6.3500413009620225, 53.458179223689484], [-6.354052823316501, 53.462620638039525], [-6.354614929825008, 53.462788170369], [-6.354029248048693, 53.46396160843161], [-6.3530557158548335, 53.46553383649005], [-6.351643018040012, 53.465603049742256], [-6.351027819822758, 53.46690026445793], [-6.351328988366168, 53.467244306991034], [-6.350796773323611, 53.46737140363738], [-6.350477214466281, 53.46786342709413], [-6.35038221586865, 53.46948946316992], [-6.349931386520131, 53.46947433900066], [-6.348397499809699, 53.47242348900619], [-6.347420852647304, 53.47272290440618], [-6.34758625667548, 53.47353985496619], [-6.347007928778798, 53.473502196082926], [-6.345988275360061, 53.47513295311221], [-6.344740548759336, 53.474989763649305], [-6.3432057599400125, 53.47524411338704], [-6.34271744812048, 53.475640851673575], [-6.341975580364847, 53.47576293305642], [-6.342219000703206, 53.47615706209968], [-6.340311938979756, 53.476395244180566], [-6.340394257418231, 53.477042636112046], [-6.339227594043485, 53.476912916988596], [-6.3380955266793055, 53.47763050373305], [-6.3378336616473065, 53.47829036324521], [-6.338189048486573, 53.479204602731], [-6.338005981791486, 53.47990815720101], [-6.339407654264306, 53.48086237778569], [-6.339569587695883, 53.481831708623965], [-6.338264040358338, 53.48235573442436], [-6.336800424675945, 53.482250439253086], [-6.3358999103225875, 53.482717439120464], [-6.335571322745746, 53.483254861402635], [-6.334604093455699, 53.483416176450135], [-6.334285919072745, 53.48388076693794], [-6.332535569638099, 53.48454869912788], [-6.332153853778619, 53.48536504298345], [-6.331257712591184, 53.48576511644884], [-6.3317405529282444, 53.48683995345751], [-6.331478109156025, 53.48740605829867], [-6.3316947089349185, 53.48796024973576], [-6.330972457895218, 53.48829480896289], [-6.331276181267648, 53.48883296353549], [-6.330848868396428, 53.48933088930059], [-6.3297489265600015, 53.48994621686466], [-6.329650912951079, 53.49086195955781], [-6.329958225214028, 53.49117603431217], [-6.329228477975414, 53.49222727351767], [-6.331419839090454, 53.491311219214], [-6.333553871905908, 53.490964005207985], [-6.333670841796899, 53.49119803764168], [-6.334356100179199, 53.49124354054108], [-6.334703149665138, 53.49073810287035], [-6.336407750026578, 53.49064439329451], [-6.336962461018262, 53.49036714177501], [-6.3381357619159076, 53.49121026253073], [-6.33967652965379, 53.49145464973642], [-6.341019963323408, 53.49401596969442], [-6.34346912954378, 53.4975832319395], [-6.344415233460653, 53.498452973561996], [-6.3464674473549465, 53.50190008550591], [-6.347775094770306, 53.50226497721524], [-6.348244669693339, 53.50262213674232], [-6.349782918707054, 53.502812254342544], [-6.351449653582402, 53.503436571965224], [-6.353381526220228, 53.50370405862945], [-6.353765915890767, 53.5034925925706], [-6.355084759502559, 53.50391471393907], [-6.35512143943903, 53.50412641023917], [-6.3586732393161505, 53.50490327571747], [-6.359675043548354, 53.50498362475262], [-6.359805103536278, 53.504165540606856], [-6.367479208970437, 53.506371397393025], [-6.367086536583693, 53.50925017316857], [-6.366642308902635, 53.50986688865436], [-6.3665076452028355, 53.515118921589995], [-6.367556910441377, 53.51610599234258], [-6.367473959211084, 53.51652975634111], [-6.37147559709705, 53.51756544404332], [-6.373930039460433, 53.5186805179432], [-6.375110911442327, 53.51871850770677], [-6.3754764456956075, 53.519097957137596], [-6.37731830425984, 53.5195985609761], [-6.382623894703081, 53.52061032110975], [-6.383531305130987, 53.52166803074702], [-6.385555803844097, 53.5227348072466], [-6.388660858633459, 53.5234516191609], [-6.388891790537329, 53.5246484451066], [-6.391191246502745, 53.524900405592945], [-6.391668820231002, 53.52416659292253], [-6.3923853149678385, 53.52407612071707], [-6.395416406523735, 53.524830223354996], [-6.395848638955248, 53.52479711284323], [-6.396525373640013, 53.52414593735733], [-6.398739538679119, 53.52433477903384], [-6.3997483737462995, 53.52461870199426], [-6.402356136027753, 53.524790549271444], [-6.407625067832579, 53.52638762494246], [-6.406714048109191, 53.52757413567709], [-6.408480727845717, 53.52774047340864], [-6.410803502473823, 53.52863932053002], [-6.413451937627435, 53.53035592342206], [-6.41499327964391, 53.53209921948498], [-6.416594220303184, 53.53290902409138], [-6.417947774127131, 53.534125866019686], [-6.41993195883135, 53.534777228804224], [-6.423255359715122, 53.534963734550416], [-6.421387339091134, 53.53820323265422], [-6.4223084663243535, 53.5387271870548], [-6.421316382749309, 53.538698990904074], [-6.420183431990684, 53.53970365519268], [-6.419025369371711, 53.53976823604468], [-6.419799546924068, 53.54054620744816], [-6.4203939863122965, 53.540765341276945], [-6.427977378756446, 53.542328885530154], [-6.427103485572512, 53.544540069427775], [-6.427533377064251, 53.544625167506524], [-6.426783933021375, 53.54880319609346], [-6.427359301356466, 53.54894664519854], [-6.427756366625452, 53.549626228609924], [-6.431776872362934, 53.551176398356674], [-6.4304089978271435, 53.55446302914702], [-6.430476409942975, 53.55635030802752], [-6.429640034270832, 53.55841102290742], [-6.428562561245088, 53.558319849766065], [-6.428706347690301, 53.55921267875989], [-6.425470507795764, 53.55893960022448], [-6.423544085944186, 53.56036412604749], [-6.424704674169416, 53.56075228059673], [-6.424538438694446, 53.56119223435595], [-6.424865490581463, 53.561623680539626], [-6.423850934541999, 53.56575685089145], [-6.419356941101257, 53.56913798488729], [-6.41874141540918, 53.57114151285354], [-6.417197846129307, 53.571073102005165], [-6.417660214092505, 53.57142215279502], [-6.4171337749010675, 53.57217141385246], [-6.414477149806852, 53.57340891011195], [-6.412040913536305, 53.57264632573607], [-6.411625965492955, 53.573042698441974], [-6.410267488126427, 53.57286180757353], [-6.410199652649224, 53.57305016540409], [-6.409611290610719, 53.57307649074182], [-6.4084855087351436, 53.572946483368725], [-6.4072125221172875, 53.572446229649714], [-6.405494629169158, 53.572988866808316], [-6.402046309064508, 53.57341913025165], [-6.401160708536325, 53.57396976885924], [-6.40136237141497, 53.57460512759096], [-6.40208231030529, 53.57514199894281], [-6.40122373775633, 53.57705088807467], [-6.397671749794682, 53.579187740814696], [-6.394286538906788, 53.580858162833614], [-6.393666719894178, 53.58102445031951], [-6.387315602667717, 53.58047813375043], [-6.387824946638687, 53.58229186594898], [-6.387155180983746, 53.58351976355969], [-6.386866862137295, 53.583515874843314], [-6.386264359318041, 53.5842489689103], [-6.387463409680176, 53.58506801384402], [-6.387815061245391, 53.58504777195498], [-6.388128777182331, 53.585500526104425], [-6.387728335466652, 53.58643567529952], [-6.388657835273413, 53.58670369388267], [-6.389245472786299, 53.58602394787733], [-6.389868705558113, 53.5861011786122], [-6.389274562091341, 53.58688993775516], [-6.390379618273992, 53.58724244512132], [-6.389438556817515, 53.589409675470094], [-6.389717289355223, 53.589522527272976], [-6.389623932116345, 53.59047367839186], [-6.389365703936837, 53.590470021440055], [-6.389132054350099, 53.591005626620785], [-6.385239714474193, 53.58949909279325], [-6.381808580802454, 53.58886840270563], [-6.381730884873905, 53.58863279910161], [-6.380348553248731, 53.5883329832089], [-6.378343326479101, 53.58823679230691], [-6.377699709401502, 53.58885057213318], [-6.375652680341913, 53.588200548162575], [-6.371942169182155, 53.588042075171], [-6.368859364258319, 53.58884095556308], [-6.3662488413167395, 53.58685978920587], [-6.36486301179842, 53.58627414731414], [-6.362575679405621, 53.58605817510492], [-6.362587909841233, 53.58578056281069], [-6.360793595548184, 53.5857584095255], [-6.3599171044872165, 53.58510123546371], [-6.354659258270778, 53.58379873020458], [-6.348571488860932, 53.58134914759763], [-6.346573538707654, 53.581102174268025], [-6.344550641589381, 53.58212806459782], [-6.343845832973043, 53.58221347567902], [-6.3427238672825235, 53.58198144174646], [-6.343221030248579, 53.58024741569315], [-6.346185508783092, 53.579617588810784], [-6.347458207931175, 53.576735427801815], [-6.348837199419289, 53.57631960815577], [-6.348836310698845, 53.574904810481456], [-6.348017296470511, 53.57458192777436], [-6.346387741131486, 53.574399529839354], [-6.342892392047301, 53.57444990761589], [-6.340930435013176, 53.57513400522848], [-6.3400063215364435, 53.57577847203773], [-6.3365842429958406, 53.576192388920425], [-6.3374059325638905, 53.57499257914402], [-6.33663758194373, 53.57353385542879], [-6.3354076599386335, 53.57252253296288], [-6.333344471428661, 53.571876222624105], [-6.330120815551664, 53.57220015442957], [-6.328514148808861, 53.57333852900093], [-6.326587152193387, 53.57348601079739], [-6.322051842138089, 53.574381166266676], [-6.321654487891194, 53.57472337905442], [-6.320399047969864, 53.57493221849752], [-6.315409122756839, 53.57723094590477], [-6.314579988052705, 53.57795626961813], [-6.313609651712447, 53.57947465877932], [-6.313541777678989, 53.580172065962046], [-6.3109645286520335, 53.58307707134863], [-6.310482054346177, 53.58401557662079], [-6.3083842606700475, 53.584561435770276], [-6.307544351131122, 53.58530345513679], [-6.305018601712965, 53.58634987392752], [-6.303033192617261, 53.58645526243207], [-6.301878197728985, 53.58687239106893], [-6.302102407534204, 53.587111747964656], [-6.301366930000933, 53.587454305351336], [-6.301374150326887, 53.5878052526882], [-6.300997217054095, 53.58796022290038], [-6.2996073156628745, 53.58805244495136], [-6.2994032846021755, 53.587754417200685], [-6.298803970478257, 53.58793776188067], [-6.297118740313652, 53.58786201454435], [-6.294963897481022, 53.58733146598966], [-6.291419059672414, 53.588354260682436], [-6.2899789045248715, 53.58848079117132], [-6.288103781372389, 53.58809179667115], [-6.286931947446652, 53.58842460370985], [-6.285626953170872, 53.58923053534556], [-6.285862122797324, 53.58952031628846], [-6.285459212377439, 53.590105783689104], [-6.28562515516963, 53.590453166341824], [-6.284791280184306, 53.5910702878184], [-6.284512235603118, 53.59091018412879], [-6.284175574965929, 53.591243439448355], [-6.283381333110774, 53.59132155074012], [-6.28307375917669, 53.591791280034556], [-6.282318970198604, 53.59156610630059], [-6.282410025727434, 53.59199932058702], [-6.281771867707498, 53.591893276348365], [-6.282031476216947, 53.5922804734169], [-6.281065639414738, 53.59250645420552], [-6.281775600980626, 53.59274051850838], [-6.281821876914597, 53.59299083697231], [-6.282144929938377, 53.59293230007148], [-6.281984043642885, 53.593961855605265], [-6.2807226237394325, 53.594249731221694], [-6.280004787927182, 53.594846739554114], [-6.278232934933033, 53.595038367134585], [-6.275197595015509, 53.596223671395826], [-6.272483004255061, 53.59743743761507], [-6.2713383354573935, 53.59844099443473], [-6.271848645666378, 53.60280572072767], [-6.27238501751266, 53.6037234743622], [-6.271805838291018, 53.60422915352316], [-6.2714035284711995, 53.60414488519429], [-6.271143157429547, 53.60436866894791], [-6.2711919432832985, 53.60511447100527], [-6.270934743431028, 53.605220842162076], [-6.271640049283192, 53.60609745398877], [-6.272327531244877, 53.6064041308897], [-6.271883564004112, 53.60688462345397], [-6.272406166813247, 53.6069535516246], [-6.272171948099709, 53.60722938906443], [-6.272574487172502, 53.60757742083993], [-6.272067250876419, 53.60817257128136], [-6.271694215584788, 53.60818839044172], [-6.272228869127137, 53.60831051680158], [-6.272015094772046, 53.60852499943476], [-6.272304944010612, 53.608815865523326], [-6.2716482074910775, 53.609088833642225], [-6.272249043119337, 53.60919286344026], [-6.272333891469402, 53.60997477343365], [-6.2726480865517, 53.60975823500163], [-6.272904995227782, 53.609961811130404], [-6.272651181972422, 53.61011280991474], [-6.273104413265997, 53.610642565261756], [-6.272800953660371, 53.61082196434301], [-6.273177237655895, 53.611026364774986], [-6.272690199134633, 53.611361101695614], [-6.272919883813364, 53.611590615655466], [-6.273388851120446, 53.61144523884103], [-6.273893588088345, 53.61221307701958], [-6.273429750313594, 53.61243419835459], [-6.2735357150569735, 53.61269329022487], [-6.272917601270721, 53.61330724342959], [-6.273597089452263, 53.61395331654101], [-6.272756052390809, 53.614653650752956], [-6.273037675558032, 53.61493037607981], [-6.2721084839731285, 53.61526142277226], [-6.271385054581007, 53.61510502613332], [-6.2714494548849995, 53.61536837151127], [-6.270316203039064, 53.61568989520887], [-6.269461544492735, 53.61551145860705], [-6.268980664623349, 53.61591906285349], [-6.268499999714455, 53.61565742055213], [-6.268193849343687, 53.616653130663664], [-6.267891782233761, 53.61667823450605], [-6.267712456012576, 53.61720352295083], [-6.267109859682019, 53.6172799011366], [-6.267491038189264, 53.6177733156408], [-6.267219304901629, 53.61806190102116], [-6.267635091453406, 53.61796322640723], [-6.267402712851609, 53.618307470386604], [-6.267740164625885, 53.61843529711918], [-6.2671751040241865, 53.619122422986436], [-6.267577295142341, 53.6199492823913], [-6.2671680074460925, 53.620153555926095], [-6.267173660794292, 53.620496304721804], [-6.267586031904711, 53.620560690779705], [-6.266998616221424, 53.620968182219165], [-6.267117574018102, 53.62231523008007], [-6.267697830433499, 53.62236901690672], [-6.267911945087207, 53.623916857450354], [-6.266143225929388, 53.62489775943612], [-6.265211731964358, 53.62491660899681], [-6.265211614151589, 53.62525981320312], [-6.263722780762811, 53.62543385931726], [-6.262912206573385, 53.626387545612154], [-6.262222678308628, 53.626470275738704], [-6.262297369684707, 53.626934270773276], [-6.261862842806225, 53.626910075449956], [-6.261956782114543, 53.62663581535216], [-6.261470856887592, 53.62670945683979], [-6.261529023391977, 53.62712027966907], [-6.26099894084768, 53.62763677678588], [-6.261390561405366, 53.62900765318105], [-6.257743264425974, 53.631678767833954], [-6.257072589961411, 53.631806947303495], [-6.256737127203371, 53.63214014433027], [-6.256191285953676, 53.63197465152758], [-6.256302330872279, 53.63236306236305], [-6.255564822230398, 53.63255118942901], [-6.255531362375713, 53.6328180594702], [-6.254072114776408, 53.63314690152101], [-6.251903286276448, 53.63270669490431], [-6.2507583676283645, 53.6329908401115], [-6.251111524269157, 53.633343432998245], [-6.249454132245053, 53.63345696403516], [-6.249638177544288, 53.63387592545567], [-6.248550612695182, 53.63382514245057], [-6.24789191184779, 53.634312738848294], [-6.248155243609955, 53.63399495681727], [-6.247729295353713, 53.63376827288426], [-6.247395738119349, 53.63399318062764], [-6.247029249301733, 53.63383332896315], [-6.246083721066039, 53.633990042258866], [-6.245875099496889, 53.634209138269355], [-6.242770013142786, 53.63421597088623], [-6.241289098933809, 53.63472623229641], [-6.240046216120427, 53.63438596003037]]]}}, {"type": "Feature", "properties": {"division": "DMR North Central Division"}, "geometry": {"type": "Polygon", "coordinates": [[[-6.289841438360379, 53.377504227392045], [-6.28701697037432, 53.37675256243548], [-6.286344356695917, 53.37573239400996], [-6.283907661550309, 53.375263835775925], [-6.283498650262246, 53.37489990563194], [-6.28217694440294, 53.37549281717375], [-6.281474965884497, 53.376460687902586], [-6.280004223736945, 53.37655776732351], [-6.279528180827648, 53.376482691683755], [-6.2791792723211595, 53.37603980756523], [-6.276980485203857, 53.37528290558504], [-6.273701989902303, 53.37474598938218], [-6.271790131162771, 53.373892126624085], [-6.269652450296645, 53.37374314398723], [-6.269389482064726, 53.37325015943108], [-6.26823360358583, 53.373250195487046], [-6.265057981429899, 53.372259332982274], [-6.263089310275191, 53.37140441264848], [-6.262401370594052, 53.37028960473015], [-6.261450447741699, 53.369744701804166], [-6.257672939619841, 53.36865984959943], [-6.257149972113818, 53.367985902613185], [-6.256703988537456, 53.36786992307188], [-6.255216257305197, 53.36834282968717], [-6.253407466768675, 53.36817194083341], [-6.253323468358819, 53.367595981594974], [-6.252733482442221, 53.36699607687267], [-6.250530750814898, 53.366645112570296], [-6.248694997729927, 53.36516432420609], [-6.247750100374883, 53.36476633827333], [-6.247556167469071, 53.36426838593413], [-6.245900344767588, 53.36362151021042], [-6.244993409535224, 53.3635765374733], [-6.242441727000566, 53.361988683713186], [-6.239688045832947, 53.361388811663595], [-6.234523086311708, 53.358353541807986], [-6.231099356856313, 53.357319624098956], [-6.228309095621751, 53.3590514860953], [-6.22414673423751, 53.36065187507674], [-6.1878056450754615, 53.35411500021248], [-6.181898913876721, 53.35059763856581], [-6.182202940491829, 53.34345449385225], [-6.209911626270819, 53.34406507333426], [-6.229479231739605, 53.3458888233739], [-6.254877037517433, 53.34789445642481], [-6.257019671049637, 53.34773444613872], [-6.264253760198691, 53.34613461167131], [-6.272172777409341, 53.3452746531662], [-6.275715271337723, 53.34551158976213], [-6.279966781656143, 53.34634847360033], [-6.289527622138261, 53.34695831852457], [-6.291925888707879, 53.34800220972458], [-6.296289914492463, 53.34817803714648], [-6.296523463543119, 53.3486766537476], [-6.297956356241271, 53.34960678538749], [-6.297893290953925, 53.35034381877237], [-6.29710478168509, 53.3510502778325], [-6.298146565290794, 53.3521076526423], [-6.300108228047922, 53.35240559568495], [-6.301983044462835, 53.35346150145426], [-6.3027808947228285, 53.35511866776075], [-6.301463077369648, 53.35553965173501], [-6.303667822307135, 53.35789077672297], [-6.303197993928205, 53.35852712381418], [-6.300850824052751, 53.357914946933185], [-6.298067779255208, 53.3614759662395], [-6.293697668876146, 53.35982785536133], [-6.289641616201038, 53.36712349153423], [-6.288349829513901, 53.36820840509905], [-6.285973174849047, 53.36884706273672], [-6.289840875328925, 53.37098047403886], [-6.299946396805814, 53.3729642797069], [-6.299894611225816, 53.37582575241233], [-6.299643533551821, 53.37628195498763], [-6.298226592038615, 53.37633661720172], [-6.294115622783838, 53.377385756173815], [-6.289841438360379, 53.377504227392045]]]}}, {"type": "Feature", "properties": {"division": "DMR South Division"}, "geometry": {"type": "Polygon", "coordinates": [[[-6.275577741970998, 53.32966996255711], [-6.273389911964282, 53.32960307831648], [-6.262126003520653, 53.33022082263431], [-6.260136325105278, 53.33051750970973], [-6.258587234520801, 53.32825681476532], [-6.258349282366156, 53.32718997156534], [-6.256235468243257, 53.326502027309715], [-6.251739926933214, 53.31034509434975], [-6.251523874574451, 53.308031392846864], [-6.255589365993991, 53.30761937936152], [-6.256709184309724, 53.307771374704686], [-6.258287013580345, 53.308452300070996], [-6.259139858144637, 53.308262361450645], [-6.2597398439666625, 53.30737643972914], [-6.259808811784348, 53.30636557211406], [-6.257494125913892, 53.30575766153285], [-6.257766012826122, 53.30461477221673], [-6.255657230250751, 53.30245908272835], [-6.258878877879638, 53.302169060251956], [-6.2596148475257465, 53.29945900408198], [-6.256643112730557, 53.298998488462885], [-6.257581713353881, 53.29738785245805], [-6.254418378763859, 53.29703646019016], [-6.254096839132419, 53.296396352661084], [-6.254902802450358, 53.29499328648518], [-6.257053603304349, 53.29536644600305], [-6.257732880585128, 53.29159336454095], [-6.256468975424733, 53.289449666275445], [-6.256432002204287, 53.28759388260985], [-6.263548091636351, 53.28705695770518], [-6.271158340174678, 53.287510342885646], [-6.270843325521564, 53.28676854952342], [-6.270262325535015, 53.286346706426066], [-6.2691840596825825, 53.28599340454736], [-6.267190061094235, 53.284682851949896], [-6.266424421149018, 53.28456144602859], [-6.269090402134471, 53.2820507694439], [-6.2643124886395505, 53.280486082385536], [-6.2648482734281, 53.27974973563536], [-6.2647669371618875, 53.27892172267641], [-6.262666643016177, 53.27797469601572], [-6.265070088019909, 53.27647278746647], [-6.261257127212966, 53.274136524487744], [-6.2570327258237635, 53.27282675922222], [-6.254893899256158, 53.270063054428], [-6.254988936017413, 53.269120240034596], [-6.2541089999424955, 53.26860127789416], [-6.254603004527577, 53.267528419112985], [-6.253444087711862, 53.26697247236654], [-6.252882186015568, 53.26558064052763], [-6.252444197764932, 53.265270717611685], [-6.252698101999071, 53.263182912624245], [-6.2494744054147064, 53.25736673224874], [-6.25089424880862, 53.25635880064436], [-6.2518941269988675, 53.25460305824341], [-6.251177148459394, 53.25288827152406], [-6.251830068124244, 53.25134645784998], [-6.251294138979996, 53.25071451410339], [-6.251973077365918, 53.24854882190963], [-6.2531359020680535, 53.248295804708974], [-6.25464974316343, 53.248435810903814], [-6.258531132607546, 53.24703395570413], [-6.257981148878043, 53.245426889942124], [-6.253769558023433, 53.23985699177196], [-6.253390234844026, 53.23790054862979], [-6.268059775067214, 53.23536537408674], [-6.267358805578964, 53.233230576459356], [-6.265143718832753, 53.231531280575076], [-6.26376829793575, 53.22865380757423], [-6.2637854903721095, 53.227759008187], [-6.264089200055004, 53.226868294023774], [-6.266702790200733, 53.225799556013115], [-6.267739708988919, 53.22380776347808], [-6.267209739506153, 53.22022317969067], [-6.269836354695818, 53.21641467957816], [-6.26959236775028, 53.21411693196794], [-6.267193622913964, 53.21226023321777], [-6.268952365612742, 53.209582315311415], [-6.271116005104923, 53.20976976055122], [-6.27598969498693, 53.211119211500424], [-6.285216125073036, 53.21713820106973], [-6.29139757582736, 53.22174297408777], [-6.292140513602856, 53.22281799616083], [-6.295005645383463, 53.223712111630235], [-6.299042409251033, 53.22444386565298], [-6.304535841367348, 53.224586163307805], [-6.30744735411339, 53.22313980606731], [-6.310821200757775, 53.22222326657143], [-6.309605546315696, 53.22099444547122], [-6.30844729689327, 53.21870268963508], [-6.30764721709573, 53.214470886575846], [-6.307991104715216, 53.21164566711361], [-6.3121202078522405, 53.19452912099267], [-6.332144284704909, 53.17820823956022], [-6.347533836073359, 53.18093843811511], [-6.34975370680954, 53.18259161078133], [-6.354581777819634, 53.18477061367942], [-6.360361653475844, 53.1861277876533], [-6.374713053471373, 53.192476747989794], [-6.371834068687193, 53.2010733636246], [-6.370124581729991, 53.21043805480936], [-6.368424490246464, 53.21378202755407], [-6.375833022144227, 53.216054673190726], [-6.3824110519819355, 53.214266031027286], [-6.392674069330031, 53.21345132216094], [-6.394999722778552, 53.21289428789774], [-6.397961270862813, 53.21180617158851], [-6.400491450733409, 53.20990451057825], [-6.401261856072982, 53.20892724982151], [-6.4028499846426445, 53.208137101370404], [-6.402663669204957, 53.2097235392567], [-6.401432433270324, 53.21084174534691], [-6.401346171036802, 53.21126163797878], [-6.402772419647404, 53.21354033034684], [-6.405800514216273, 53.217069359054186], [-6.407450653779954, 53.21765897092451], [-6.410536895253439, 53.21630178537174], [-6.411204434427498, 53.21711630082022], [-6.412571296354071, 53.21776119809394], [-6.4140794990808185, 53.21936446648403], [-6.413958137433111, 53.22008200381086], [-6.414866253043936, 53.221337734702836], [-6.4145104348185775, 53.2216790950817], [-6.414778380257111, 53.223438932040025], [-6.416748285338336, 53.226495058159905], [-6.416534133350284, 53.22742148338007], [-6.416799392136952, 53.22785809929221], [-6.418219180006528, 53.22842571357877], [-6.4187073657425415, 53.22913184391647], [-6.418495947593678, 53.22953588590954], [-6.419753442227619, 53.23123181927803], [-6.420259190629592, 53.23137198549188], [-6.42330961559522, 53.2307632516809], [-6.423580631820351, 53.23051115289452], [-6.424238271719262, 53.23074012772273], [-6.425541197128298, 53.2306299152388], [-6.4280014843347955, 53.23091592960414], [-6.430887423947789, 53.23153103575426], [-6.437151517566779, 53.23143039068797], [-6.437825041028138, 53.23099148527957], [-6.440668333016243, 53.230833172587815], [-6.442361487716817, 53.23136785545729], [-6.442970489783839, 53.23094218770194], [-6.4444087567736394, 53.23094776371421], [-6.447499854982818, 53.23149819091331], [-6.451041967028691, 53.23166400179964], [-6.454684979193687, 53.23122771145446], [-6.455702648792201, 53.231016947953066], [-6.456761015449513, 53.229478948993496], [-6.457441839433453, 53.22964126521663], [-6.457482417556957, 53.227021780811974], [-6.458793930101133, 53.22613734753757], [-6.4592117615349345, 53.22599320637928], [-6.459800944216674, 53.22612313892366], [-6.4599491572706755, 53.22562078872372], [-6.460666424314645, 53.22579874627101], [-6.4609917162606525, 53.225197218024945], [-6.461581620883135, 53.22549628911879], [-6.461133003901923, 53.22608589022139], [-6.4646254240737075, 53.22765327408774], [-6.466476990148145, 53.22806311738189], [-6.4693516520454635, 53.229741395400886], [-6.47526482749933, 53.23441859995538], [-6.473319246265485, 53.23606743944634], [-6.471803424508326, 53.236801752964844], [-6.471955324186294, 53.237746534773585], [-6.472417328462623, 53.23796662082287], [-6.464449928149813, 53.23929189669071], [-6.463507967751371, 53.23887497547562], [-6.46202817437126, 53.23936194736835], [-6.462785101024536, 53.24180065247667], [-6.462907197127485, 53.24935864759582], [-6.462050310190506, 53.25130443540983], [-6.452682849667799, 53.25363125345179], [-6.451061060873714, 53.253429904119244], [-6.450063635251066, 53.25464780546525], [-6.448786370151562, 53.25547516326842], [-6.448278331798373, 53.256255008698524], [-6.447965668817677, 53.25782376493903], [-6.447037802385445, 53.258713171097874], [-6.446260760678454, 53.260736187835846], [-6.443020722792064, 53.263628632579334], [-6.442269106612274, 53.26464189928693], [-6.438848565574434, 53.267396527577375], [-6.443048099801264, 53.275716498918754], [-6.4392847690424935, 53.27625908128646], [-6.437799227042898, 53.27616880326011], [-6.434753791792514, 53.27543478065004], [-6.431619396311689, 53.27540733081674], [-6.430920480088477, 53.280730158084225], [-6.432133911022694, 53.2823080742459], [-6.433335445092913, 53.28247620272867], [-6.433216499525858, 53.28442545896175], [-6.428299488591058, 53.28609155044815], [-6.423252736222651, 53.285913287309064], [-6.42256879956096, 53.2861403289188], [-6.422372824917914, 53.286880247633675], [-6.41877537633688, 53.288249036787796], [-6.416526657441934, 53.28966988179171], [-6.409542555225222, 53.29122972421112], [-6.410043988108927, 53.291470885022406], [-6.410700676937703, 53.29255143978352], [-6.409580170411592, 53.2927608143778], [-6.409742256597947, 53.29343583817687], [-6.411547532302618, 53.294668754547715], [-6.409262619087992, 53.297263951011615], [-6.4115504618187185, 53.299352670711656], [-6.411782363999924, 53.30067155529318], [-6.4080054809179, 53.30378265246932], [-6.408167873200545, 53.30094455043239], [-6.407034938683027, 53.299613714029505], [-6.405752104035367, 53.29925973169691], [-6.404107315440251, 53.299574742890506], [-6.403158447376494, 53.29935973881245], [-6.402691461960998, 53.29827386692763], [-6.398199008180808, 53.296426155631295], [-6.396260339948799, 53.29707403428672], [-6.38722454096628, 53.29772800404376], [-6.384850768705287, 53.29945077995262], [-6.382002225355431, 53.30028875784202], [-6.377226859625406, 53.30295638574025], [-6.378047680063795, 53.303574363123516], [-6.375623110711835, 53.30512712994516], [-6.3752480988187195, 53.30609999569218], [-6.374145318574751, 53.30696192459525], [-6.370653701436976, 53.306947964878276], [-6.369448830030414, 53.307504871624616], [-6.367803455372702, 53.30669104574799], [-6.365939739616596, 53.30847192698425], [-6.364554408374052, 53.30916597165679], [-6.363597095897065, 53.310025215647826], [-6.361349461173459, 53.311113063761674], [-6.3605572954627885, 53.312410517912106], [-6.354581808318957, 53.31472201978345], [-6.352142214906195, 53.315161053960665], [-6.3495695539045265, 53.31613787341651], [-6.346508905917902, 53.31660090887681], [-6.346457907668843, 53.31936652605107], [-6.346054017973997, 53.32108132753229], [-6.346490975326932, 53.32142422456941], [-6.347617830672359, 53.32144029284808], [-6.3478298664011135, 53.321780246980765], [-6.346068062263856, 53.323611034288064], [-6.340934689907573, 53.323743019919576], [-6.342799221369359, 53.32686859794165], [-6.335104570334831, 53.328763398234564], [-6.3327297261432784, 53.32979555553081], [-6.330232183876882, 53.33156307053145], [-6.328262175350916, 53.33435608117062], [-6.3061994253885345, 53.336896239918055], [-6.293428889153425, 53.3322394023966], [-6.289813370621108, 53.3314854467902], [-6.275577741970998, 53.32966996255711]]]}}, {"type": "Feature", "properties": {"division": "DMR South Central Division"}, "geometry": {"type": "Polygon", "coordinates": [[[-6.229479231739605, 53.3458888233739], [-6.209911626270819, 53.34406507333426], [-6.150065296585806, 53.34281110160312], [-6.150885164680743, 53.32417683525115], [-6.186390306247555, 53.32472208462452], [-6.204992948566054, 53.31606458829756], [-6.2033471411310135, 53.31500572256419], [-6.20084134984629, 53.31162816292711], [-6.203316062509332, 53.31040132180236], [-6.203388017343188, 53.309339475866686], [-6.204451355551128, 53.30785919389714], [-6.204367570305711, 53.307222529054236], [-6.206357667105876, 53.306418459367805], [-6.206938541903752, 53.305745418531274], [-6.208642753072257, 53.3049039384075], [-6.209801667776717, 53.30494120719268], [-6.209569150766858, 53.304338082046264], [-6.208611307085268, 53.30366609175335], [-6.219188912395189, 53.299236617630896], [-6.221563604176043, 53.299677571780634], [-6.222528459967794, 53.300180510227946], [-6.224684222650615, 53.30049941507667], [-6.226889966961982, 53.30162833083863], [-6.228252710754358, 53.30205427529219], [-6.233406071892682, 53.30273711666808], [-6.236906653123856, 53.30596072477943], [-6.23682979358749, 53.307831457851556], [-6.238195600144554, 53.310230218288105], [-6.238798547318794, 53.31266784566815], [-6.238624591629264, 53.31347475888238], [-6.240729383753017, 53.313691777407264], [-6.241719236306759, 53.31358774630885], [-6.243902931084, 53.312540825089144], [-6.245647666166721, 53.31258286440666], [-6.247017453979943, 53.31147295276021], [-6.2486482278309845, 53.309473255388596], [-6.248975218076895, 53.308381343083894], [-6.251523874574451, 53.308031392846864], [-6.251739926933214, 53.31034509434975], [-6.256235468243257, 53.326502027309715], [-6.258349282366156, 53.32718997156534], [-6.258587234520801, 53.32825681476532], [-6.260136325105278, 53.33051750970973], [-6.262126003520653, 53.33022082263431], [-6.273389911964282, 53.32960307831648], [-6.275577741970998, 53.32966996255711], [-6.289813370621108, 53.3314854467902], [-6.293428889153425, 53.3322394023966], [-6.2978365647628545, 53.33369153570326], [-6.3061994253885345, 53.336896239918055], [-6.328262175350916, 53.33435608117062], [-6.330232183876882, 53.33156307053145], [-6.3327297261432784, 53.32979555553081], [-6.335104570334831, 53.328763398234564], [-6.342799221369359, 53.32686859794165], [-6.346578112318653, 53.33228787430702], [-6.34627719486099, 53.33424064189826], [-6.347514052364081, 53.337226310412746], [-6.327316981286663, 53.34110419356172], [-6.327583070030265, 53.34624037002675], [-6.321035501007975, 53.34652027809872], [-6.310513849389722, 53.34809212372326], [-6.3068113363120055, 53.34832613645952], [-6.291925888707879, 53.34800220972458], [-6.289527622138261, 53.34695831852457], [-6.279966781656143, 53.34634847360033], [-6.275715272874744, 53.34551158888572], [-6.272172777409341, 53.3452746531662], [-6.264253760198691, 53.34613461167131], [-6.257019671049637, 53.34773444613872], [-6.254877037517433, 53.34789445642481], [-6.229479231739605, 53.3458888233739]]]}}, {"type": "Feature", "properties": {"division": "DMR West Division"}, "geometry": {"type": "Polygon", "coordinates": [[[-6.338163807126598, 53.45833429415533], [-6.337904900876751, 53.45772335442443], [-6.336330074338724, 53.457533371194074], [-6.335243270862624, 53.45785532634877], [-6.3314456390924, 53.45665550584494], [-6.329654914908429, 53.45764240253693], [-6.328137099645128, 53.457418419074884], [-6.3267153343259155, 53.45763540341552], [-6.326703294511335, 53.45793836447252], [-6.326005428735023, 53.45843535815165], [-6.32458164397426, 53.45871825299751], [-6.32329077138203, 53.45846431879634], [-6.322407820531846, 53.45791243310436], [-6.322217844960526, 53.456998487425324], [-6.322492803692989, 53.45433681883027], [-6.321693894023211, 53.45452780027522], [-6.31978214229629, 53.45426483033021], [-6.318698313289203, 53.45451981451979], [-6.316147547264458, 53.453269018115414], [-6.316275931499863, 53.452352989237546], [-6.317575500787025, 53.45239700758234], [-6.318360647364365, 53.45153579169219], [-6.3187285764954435, 53.451557328487965], [-6.320015865329941, 53.4507765038792], [-6.318766110351446, 53.450261666979344], [-6.3178097319101445, 53.450272643120606], [-6.314502844026799, 53.45104400814635], [-6.312090020245925, 53.45023354387919], [-6.308295521225404, 53.45029038988569], [-6.308179555752065, 53.449662533572386], [-6.30628472494226, 53.44827064024299], [-6.304712897182004, 53.44517811037767], [-6.30156137853348, 53.443413303857824], [-6.298087690458131, 53.43985477671416], [-6.296042991190495, 53.43729505151207], [-6.2963599385213636, 53.43642217172582], [-6.297103792781918, 53.436196245365714], [-6.299049474696887, 53.43416649182347], [-6.299109488769086, 53.432648630880365], [-6.297849661029907, 53.433069602791335], [-6.297121733056223, 53.43292360870636], [-6.2963609061713814, 53.43358758986891], [-6.2939952271000355, 53.434802378506994], [-6.291944456845705, 53.43662923791], [-6.291160507364397, 53.4364492444098], [-6.2902116062697155, 53.43474843584895], [-6.290301599805755, 53.43252273864627], [-6.288115857770708, 53.430669926148454], [-6.281965645102106, 53.43048003030273], [-6.281425648967917, 53.42986509375338], [-6.279950917198695, 53.43001209393502], [-6.278127113345632, 53.42620755673623], [-6.27379766608457, 53.42570565793503], [-6.267646414540309, 53.42416586392489], [-6.2686872664748785, 53.42357388644381], [-6.282605487653774, 53.42441578847435], [-6.287103872477778, 53.424918713775675], [-6.289640593699119, 53.42505663607603], [-6.291566320593173, 53.4249156127284], [-6.299966255719219, 53.425339554509556], [-6.301886986231659, 53.425332559980724], [-6.305653482443946, 53.42437368656917], [-6.306542444924182, 53.42192394607924], [-6.303008867936996, 53.421300036655964], [-6.276407233329198, 53.41983939987039], [-6.276513169562109, 53.418625518504925], [-6.278399892110514, 53.41665276071084], [-6.278920897412812, 53.416356780224625], [-6.279300742347946, 53.41673270357391], [-6.281835453901425, 53.416904738028556], [-6.283100360591594, 53.41634974230775], [-6.283350246567058, 53.41574581069973], [-6.282905331970005, 53.41557081449174], [-6.283553221908799, 53.41490493375769], [-6.2845250995867445, 53.41461595055897], [-6.284991078592332, 53.41286819138827], [-6.282237254131282, 53.40834179876379], [-6.281990222857928, 53.403244367134214], [-6.282844114316684, 53.403088416865465], [-6.286213696350242, 53.399324886768234], [-6.287755438478691, 53.398874923727256], [-6.29080309146176, 53.39888490604288], [-6.291024056403061, 53.39797300571493], [-6.284668828871989, 53.397022130535866], [-6.283087090363619, 53.39634126234411], [-6.281020279295456, 53.396497274614994], [-6.278116651529097, 53.395713353238264], [-6.279214514252842, 53.393687588394364], [-6.279637402241784, 53.38741933897202], [-6.278561510521843, 53.386088561075496], [-6.2782655548491935, 53.38503864005288], [-6.2765676868822275, 53.38376582108854], [-6.276257678280481, 53.38305297855744], [-6.276353682614207, 53.38207602806386], [-6.275987701552705, 53.381362106449316], [-6.276702555154696, 53.37762857675069], [-6.27702659173197, 53.37729965385474], [-6.27802942822369, 53.377617625296274], [-6.278388340521427, 53.376408733798684], [-6.2791792723211595, 53.37603980756523], [-6.279528180827648, 53.376482691683755], [-6.281474965884497, 53.376460687902586], [-6.28217694440294, 53.37549281717375], [-6.283146721035496, 53.374894932238554], [-6.283907661550309, 53.375263835775925], [-6.286344356695917, 53.37573239400996], [-6.28701697037432, 53.37675256243548], [-6.288544348601062, 53.37706647110099], [-6.28893165734508, 53.37740131310494], [-6.290164778159469, 53.3775612554158], [-6.294115622783838, 53.377385756173815], [-6.298226592038615, 53.37633661720172], [-6.299643533551821, 53.37628195498763], [-6.299946396805814, 53.3729642797069], [-6.289840875328925, 53.37098047403886], [-6.285973174849047, 53.36884706273672], [-6.288349829513901, 53.36820840509905], [-6.289641616201038, 53.36712349153423], [-6.293697668876146, 53.35982785536133], [-6.298067780792357, 53.361475965362814], [-6.300850824088492, 53.35791494603507], [-6.303197993928205, 53.35852712381418], [-6.303667822307135, 53.35789077672297], [-6.301463077369648, 53.35553965173501], [-6.302780896223954, 53.3551186677821], [-6.301983044462835, 53.35346150145426], [-6.300108229584697, 53.35240559480823], [-6.298146565290794, 53.3521076526423], [-6.29710478168509, 53.3510502778325], [-6.297893290953925, 53.35034381877237], [-6.29795635627706, 53.3496067844894], [-6.296523463543119, 53.3486766537476], [-6.296289916029162, 53.348178036269815], [-6.3068113363120055, 53.34832613645952], [-6.310513849389722, 53.34809212372326], [-6.321035501007975, 53.34652027809872], [-6.327583070030265, 53.34624037002675], [-6.327316981286663, 53.34110419356172], [-6.347514052364081, 53.337226310412746], [-6.34627719486099, 53.33424064189826], [-6.346578112318653, 53.33228787430702], [-6.341280672578743, 53.32466263122824], [-6.340934689907573, 53.323743019919576], [-6.346068062263856, 53.323611034288064], [-6.3478298664011135, 53.321780246980765], [-6.347617830672359, 53.32144029284808], [-6.346490975326932, 53.32142422456941], [-6.346054017973997, 53.32108132753229], [-6.346457907668843, 53.31936652605107], [-6.346508905917902, 53.31660090887681], [-6.3495695539045265, 53.31613787341651], [-6.352142214906195, 53.315161053960665], [-6.354581808318957, 53.31472201978345], [-6.3605572954627885, 53.312410517912106], [-6.361349461173459, 53.311113063761674], [-6.363597095897065, 53.310025215647826], [-6.364554408374052, 53.30916597165679], [-6.365939739616596, 53.30847192698425], [-6.367803455372702, 53.30669104574799], [-6.369448830030414, 53.307504871624616], [-6.370653701436976, 53.306947964878276], [-6.374145318574751, 53.30696192459525], [-6.3752480988187195, 53.30609999569218], [-6.375623110711835, 53.30512712994516], [-6.378047680063795, 53.303574363123516], [-6.377226859625406, 53.30295638574025], [-6.382002225355431, 53.30028875784202], [-6.384850768705287, 53.29945077995262], [-6.38722454096628, 53.29772800404376], [-6.396260339948799, 53.29707403428672], [-6.398199008180808, 53.296426155631295], [-6.402691461960998, 53.29827386692763], [-6.403158447376494, 53.29935973881245], [-6.404107315440251, 53.299574742890506], [-6.405752104035367, 53.29925973169691], [-6.407034938683027, 53.299613714029505], [-6.408167873200545, 53.30094455043239], [-6.4080054809179, 53.30378265246932], [-6.411782363999924, 53.30067155529318], [-6.4115504618187185, 53.299352670711656], [-6.409262619087992, 53.297263951011615], [-6.411547532302618, 53.294668754547715], [-6.409742256597947, 53.29343583817687], [-6.409580170411592, 53.2927608143778], [-6.410700676937703, 53.29255143978352], [-6.410043988108927, 53.291470885022406], [-6.409542555225222, 53.29122972421112], [-6.416526657441934, 53.28966988179171], [-6.41877537633688, 53.288249036787796], [-6.422372824917914, 53.286880247633675], [-6.42256879956096, 53.2861403289188], [-6.423252736222651, 53.285913287309064], [-6.428299488591058, 53.28609155044815], [-6.433216499525858, 53.28442545896175], [-6.433335445092913, 53.28247620272867], [-6.432133911022694, 53.2823080742459], [-6.430920480088477, 53.280730158084225], [-6.431619396311689, 53.27540733081674], [-6.434753791792514, 53.27543478065004], [-6.437799227042898, 53.27616880326011], [-6.4392847690424935, 53.27625908128646], [-6.443048099801264, 53.275716498918754], [-6.438848565574434, 53.267396527577375], [-6.442269106612274, 53.26464189928693], [-6.443020722792064, 53.263628632579334], [-6.446260760678454, 53.260736187835846], [-6.447037802385445, 53.258713171097874], [-6.447965668817677, 53.25782376493903], [-6.448278331798373, 53.256255008698524], [-6.448786370151562, 53.25547516326842], [-6.450063635251066, 53.25464780546525], [-6.451061060873714, 53.253429904119244], [-6.452682849667799, 53.25363125345179], [-6.462050310190506, 53.25130443540983], [-6.462907197127485, 53.24935864759582], [-6.462785101024536, 53.24180065247667], [-6.46202817437126, 53.23936194736835], [-6.463507967751371, 53.23887497547562], [-6.464449928149813, 53.23929189669071], [-6.47278914010799, 53.2379059613178], [-6.4749023902035185, 53.237920086981205], [-6.478486467847356, 53.23841804710474], [-6.487051939577762, 53.24062658006861], [-6.4889130544250655, 53.24083281338931], [-6.495769763754949, 53.24238086209858], [-6.496345333819443, 53.24233411428111], [-6.505051084816899, 53.24485918654689], [-6.504955986549113, 53.24533978742248], [-6.5081509222651395, 53.246114428013854], [-6.51016775724447, 53.24700169490882], [-6.51031077469218, 53.24654164008235], [-6.510537428503615, 53.246583566913095], [-6.511100277435449, 53.24729922697805], [-6.513074602566763, 53.24770169235269], [-6.514695604545806, 53.24756733171525], [-6.515362594136219, 53.248239872858605], [-6.516837038138246, 53.248834479731016], [-6.5185288434179025, 53.2484794181822], [-6.520920238224765, 53.24751731877124], [-6.522739920600562, 53.247353950046865], [-6.522729641979507, 53.247164556159696], [-6.524020687916865, 53.247352205298576], [-6.5239798735983605, 53.247722953071225], [-6.524945551465935, 53.24754483519889], [-6.526280216276828, 53.24829037407894], [-6.528523919946993, 53.246823024006204], [-6.529816166086263, 53.24722838055327], [-6.53293569769723, 53.24830590183327], [-6.531500423813488, 53.25002873308899], [-6.533561550432433, 53.2508941282164], [-6.532517436523396, 53.25242002566687], [-6.533366493101103, 53.25296142913985], [-6.533124294229555, 53.25315544306156], [-6.533357633317866, 53.25345515470401], [-6.535941944702436, 53.253917048157525], [-6.533662665246116, 53.255217749212306], [-6.530906294976021, 53.256027590386616], [-6.52981686812504, 53.25659435553759], [-6.5286630293915735, 53.257459581573166], [-6.526981399592221, 53.25961437598979], [-6.525326801819977, 53.259031958922364], [-6.525596324022443, 53.25860266053979], [-6.5245507637754825, 53.25694717001996], [-6.521216634240967, 53.25834088795643], [-6.517728921265608, 53.26190628543401], [-6.515456462705118, 53.26203257720958], [-6.514461208764046, 53.26134165856878], [-6.5108054698878, 53.26110344465599], [-6.51068698193183, 53.26238926066203], [-6.5088803595159845, 53.26210425204477], [-6.5068434163490565, 53.26482167020908], [-6.508203312528983, 53.26554480742726], [-6.508547526808271, 53.266136684065835], [-6.509311546481824, 53.26599445190122], [-6.5101663262402685, 53.26521158893914], [-6.511724613466937, 53.26478449384757], [-6.512071106147977, 53.26494887816187], [-6.512904006840122, 53.26477297328128], [-6.513525652263393, 53.26432203173862], [-6.514340308929643, 53.26428671484126], [-6.514861426295121, 53.263978485645566], [-6.516700547462747, 53.26447437286692], [-6.51735809887289, 53.265124405112026], [-6.518146995938132, 53.26465107563017], [-6.524247678329183, 53.26774387539841], [-6.525410958494658, 53.26800874015891], [-6.527511422371215, 53.267492164792394], [-6.529265252063592, 53.26857598790623], [-6.529638096481915, 53.26852298081841], [-6.531144011451674, 53.27059093460679], [-6.533369832876694, 53.27150634465498], [-6.534489932767766, 53.27262947079145], [-6.536468507519217, 53.2733748930433], [-6.539144069029433, 53.27538825623741], [-6.54200001611324, 53.275680968108325], [-6.546326469322096, 53.27509313030085], [-6.544627765495744, 53.27798497723572], [-6.546880113177093, 53.27942106660485], [-6.5438888601636975, 53.28210634646363], [-6.539824940174811, 53.28295964376694], [-6.535957028380178, 53.284401877128644], [-6.535510430843984, 53.284260599067665], [-6.533035580939706, 53.28730442106292], [-6.530694512714442, 53.287157502278], [-6.528582546766389, 53.29086399641342], [-6.52672642652445, 53.29979861365077], [-6.5259810347073, 53.299711124626306], [-6.526897524863689, 53.300959770498295], [-6.526965306642248, 53.30159652252763], [-6.540432489399573, 53.30573821244679], [-6.542402164037013, 53.30698128891761], [-6.528078863005817, 53.31354740472583], [-6.530287105988403, 53.31434185265037], [-6.530724448361248, 53.31516100532447], [-6.531562799385253, 53.315627596068765], [-6.530627992459181, 53.317327095384584], [-6.531089590967582, 53.3174087217369], [-6.527773291801259, 53.31897971589952], [-6.526931937290707, 53.32036732699545], [-6.524748258032641, 53.32224762213078], [-6.521078737388042, 53.32311488174842], [-6.520079886159544, 53.32464122715036], [-6.5177579977867754, 53.32509022554533], [-6.514545067130438, 53.32344114581606], [-6.513611951587939, 53.323717909227234], [-6.511498941713289, 53.32330844353192], [-6.5100689935786615, 53.32411540636972], [-6.5088015470852225, 53.32424425446066], [-6.508489147591326, 53.323923199727176], [-6.507264083742775, 53.3239656580122], [-6.505547284301379, 53.324607211371635], [-6.503935501959557, 53.32413900595478], [-6.505151108704336, 53.3226360001828], [-6.501713288559404, 53.32147129244554], [-6.501119917266775, 53.32096452250886], [-6.499560854222498, 53.323031050759084], [-6.499377844495271, 53.32485920417491], [-6.4981217462513, 53.32695037522113], [-6.496183535510292, 53.32907094920913], [-6.493376700918668, 53.330358758219155], [-6.4952249046501045, 53.33102564396175], [-6.49507953169089, 53.33249937096236], [-6.493486432200566, 53.33338576850191], [-6.492957480370257, 53.334343921138135], [-6.4911499283252345, 53.3341815023679], [-6.490584233016549, 53.335361336514886], [-6.490471422739107, 53.33671100087249], [-6.489149756236378, 53.337625490976095], [-6.490429552559953, 53.33856923351145], [-6.490868909240388, 53.33822259632067], [-6.492517486461855, 53.337901041795085], [-6.4925912027812105, 53.338795182065056], [-6.493478532185685, 53.3401464297358], [-6.492755616866371, 53.34110985889748], [-6.49338864385085, 53.341101140574885], [-6.494173217636673, 53.34159598099816], [-6.496625077530047, 53.3411253492623], [-6.496163658873594, 53.34215904790763], [-6.497605847562409, 53.34272991497715], [-6.497972919025638, 53.34314254253565], [-6.498712199762595, 53.34601426378355], [-6.4950785958712824, 53.34863614642935], [-6.493315888657997, 53.35073866593265], [-6.492871691653978, 53.351924895570335], [-6.493136239166758, 53.3533482552065], [-6.49498815329877, 53.353378822207596], [-6.4930632846941885, 53.354667956631076], [-6.491183813768019, 53.357494929939584], [-6.490774130277813, 53.36035431569523], [-6.489471629437322, 53.362797000760416], [-6.489007772484485, 53.36311061054139], [-6.487915391587872, 53.36331721955631], [-6.4844585973029645, 53.36296789570185], [-6.474944904643879, 53.362979762866786], [-6.4748698299153755, 53.364519336052645], [-6.473645148802931, 53.36532139262877], [-6.473142194199195, 53.36712240012831], [-6.472956563295718, 53.37052030270596], [-6.471821677103138, 53.373553854231865], [-6.472070897721933, 53.37381748589002], [-6.471427282432311, 53.37586229509616], [-6.470079182786198, 53.37935565206083], [-6.468614674556118, 53.38055323999978], [-6.466605792197, 53.384998773121346], [-6.463429878643898, 53.38405573029411], [-6.461971873520096, 53.386624179741176], [-6.461084054456046, 53.38753191174214], [-6.4600853568662, 53.38840531471356], [-6.457850735699025, 53.38938514611644], [-6.457065272235379, 53.39048577232119], [-6.453420997410752, 53.391727319715486], [-6.452637933508687, 53.39173226759665], [-6.451775419800225, 53.39115580672704], [-6.4511464654208295, 53.39151296274033], [-6.450622289225688, 53.39256589202586], [-6.449522443584191, 53.39353827761304], [-6.448128682029264, 53.39361416572348], [-6.446719677506657, 53.39422752406326], [-6.44667444549642, 53.39448207299055], [-6.447477854856215, 53.39465536948007], [-6.444785563788592, 53.39713709321934], [-6.443663991123879, 53.39969649600143], [-6.441498368620742, 53.39957288683083], [-6.439603639420798, 53.400085366622356], [-6.44052762022825, 53.40110424283901], [-6.439725208129312, 53.401297579025844], [-6.441093250697064, 53.40221045776173], [-6.440982028509091, 53.40252174825652], [-6.440244092379127, 53.40276571726494], [-6.439854856488563, 53.403451540890025], [-6.438517736582595, 53.40373916037045], [-6.439928976079889, 53.40466268285318], [-6.441044110485667, 53.40627395034876], [-6.439175346664929, 53.40725111529676], [-6.4392375960092645, 53.408393082339934], [-6.436042372870499, 53.41005112807561], [-6.43416217247979, 53.40967419358453], [-6.433576466744284, 53.41045969126843], [-6.435324820076656, 53.411211995569616], [-6.4354746498821855, 53.4109895573107], [-6.436484102063452, 53.410977440669065], [-6.4367687695208025, 53.411282409075724], [-6.437080232237821, 53.41103952823344], [-6.437392971835389, 53.41111695524641], [-6.437520307717623, 53.41145697735582], [-6.438262475945171, 53.41160985042251], [-6.438124921612158, 53.412198308240725], [-6.437125179715733, 53.41250299908703], [-6.436097515522836, 53.41238502273574], [-6.434517613872149, 53.412600398349355], [-6.4340869766168005, 53.413948712374534], [-6.433075126651244, 53.414614482765], [-6.431944969849452, 53.41478252571091], [-6.429615656047793, 53.41440492320809], [-6.429234291012506, 53.41480566234129], [-6.422337391868894, 53.41642239887988], [-6.4212565128563455, 53.416935549267606], [-6.42146476804466, 53.42015488802854], [-6.42231454297897, 53.42150210981425], [-6.421770251959484, 53.42244536732616], [-6.421982161525633, 53.423192910411615], [-6.42123802078362, 53.42359826562654], [-6.421345422546043, 53.424189045085456], [-6.417942401796038, 53.42431771461653], [-6.4174819804382475, 53.42554497163633], [-6.418359008073553, 53.426258018304274], [-6.4181551901601015, 53.42756928886339], [-6.417286769161957, 53.42911520432253], [-6.415187922095357, 53.42993347669432], [-6.415312266636669, 53.43105093718038], [-6.416196300070269, 53.43214486638069], [-6.417378112340383, 53.43291192905326], [-6.419002426115409, 53.434588468487405], [-6.4196751823078255, 53.434881629424694], [-6.418977743966138, 53.4357512212453], [-6.415991715338871, 53.43523570042463], [-6.415578665695406, 53.436485954951124], [-6.414784452744732, 53.436694692389686], [-6.413362396182376, 53.43844594689065], [-6.412895110375177, 53.43840109305275], [-6.4117499551160595, 53.440176408512144], [-6.410247552133134, 53.44083159864184], [-6.407422963484668, 53.44068917272635], [-6.40534804664079, 53.44027819076812], [-6.401695154386497, 53.43895240603652], [-6.396702803137237, 53.437695522782406], [-6.396028621567369, 53.438747819252185], [-6.395551917893189, 53.44055721387822], [-6.391353883394718, 53.4390175355386], [-6.387195514909364, 53.43798528427602], [-6.386941631288461, 53.438618666354095], [-6.3859632957530605, 53.43880720132217], [-6.384224728423754, 53.44066815004352], [-6.381306420437587, 53.44191860438706], [-6.380630193684265, 53.44299325561766], [-6.379219986921986, 53.44335381872013], [-6.377696693796967, 53.44438774550079], [-6.375314606263889, 53.44434781084085], [-6.375093044917726, 53.444772751829674], [-6.365290706737109, 53.44445293384908], [-6.363435822766099, 53.44530222254267], [-6.361053982131856, 53.4457061399613], [-6.360176699499112, 53.446171031987745], [-6.358147933543146, 53.4461162843994], [-6.356287139449984, 53.44681080713816], [-6.354528360068531, 53.44710984407786], [-6.353062379073483, 53.44777291090251], [-6.353775505253541, 53.44796949196804], [-6.354662975878741, 53.44898762938597], [-6.354053086081261, 53.45010834209731], [-6.355673349757751, 53.45147258991634], [-6.354533537409273, 53.45270121883746], [-6.354787207067517, 53.454988019370944], [-6.354391101460613, 53.456865589863895], [-6.355188147159958, 53.458438495092246], [-6.3552557612448695, 53.459439219541245], [-6.355027888671357, 53.460604558391324], [-6.354672937776262, 53.46058861544269], [-6.354861358118418, 53.461342785803225], [-6.35424528011164, 53.462095579254814], [-6.354977900613464, 53.46222151303221], [-6.354614929825008, 53.462788170369], [-6.354052823316501, 53.462620638039525], [-6.3500413009620225, 53.458179223689484], [-6.343937139760688, 53.46396553121178], [-6.3408206158569, 53.46270769444403], [-6.336752042127774, 53.46265074480414], [-6.342145385063169, 53.45916619121288], [-6.339218734693374, 53.45882222021413], [-6.338163807126598, 53.45833429415533]]]}}]}